<?xml version="1.0" encoding="UTF-8"?>
<!DOCTYPE plist PUBLIC "-//Apple//DTD PLIST 1.0//EN" "http://www.apple.com/DTDs/PropertyList-1.0.dtd"/>

<plist version="1.0">
    <dict>
        <key>ROOT</key>
        <array>
            <dict>
                <key>id</key>
                <string>962</string>
            </dict>
            <dict>
                <key>id</key>
                <string>963</string>
            </dict>
            <dict>
                <key>id</key>
                <string>1270</string>
            </dict>
            <dict>
                <key>id</key>
                <string>1293</string>
            </dict>
            <dict>
                <key>id</key>
                <string>1515</string>
            </dict>
            <dict>
                <key>id</key>
                <string>1522</string>
            </dict>
            <dict>
                <key>id</key>
                <string>1532</string>
            </dict>
            <dict>
                <key>id</key>
                <string>1534</string>
            </dict>
            <dict>
                <key>id</key>
                <string>1536</string>
            </dict>
            <dict>
                <key>id</key>
                <string>1538</string>
            </dict>
            <dict>
                <key>id</key>
                <string>1540</string>
            </dict>
            <dict>
                <key>id</key>
                <string>1545</string>
            </dict>
            <dict>
                <key>id</key>
                <string>1553</string>
            </dict>
            <dict>
                <key>id</key>
                <string>1555</string>
            </dict>
            <dict>
                <key>id</key>
                <string>1557</string>
            </dict>
            <dict>
                <key>id</key>
                <string>1827</string>
            </dict>
            <dict>
                <key>id</key>
                <string>1829</string>
            </dict>
            <dict>
                <key>id</key>
                <string>1832</string>
            </dict>
            <dict>
                <key>id</key>
                <string>1834</string>
            </dict>
            <dict>
                <key>id</key>
                <string>1843</string>
            </dict>
            <dict>
                <key>id</key>
                <string>1845</string>
            </dict>
            <dict>
                <key>id</key>
                <string>1847</string>
            </dict>
            <dict>
                <key>id</key>
                <string>1849</string>
            </dict>
            <dict>
                <key>id</key>
                <string>1854</string>
            </dict>
            <dict>
                <key>id</key>
                <string>1856</string>
            </dict>
            <dict>
                <key>id</key>
                <string>1858</string>
            </dict>
            <dict>
                <key>id</key>
                <string>1878</string>
            </dict>
            <dict>
                <key>id</key>
                <string>1880</string>
            </dict>
            <dict>
                <key>id</key>
                <string>1947</string>
            </dict>
            <dict>
                <key>id</key>
                <string>1949</string>
            </dict>
            <dict>
                <key>id</key>
                <string>1970</string>
            </dict>
            <dict>
                <key>id</key>
                <string>1972</string>
            </dict>
            <dict>
                <key>id</key>
                <string>1976</string>
            </dict>
            <dict>
                <key>id</key>
                <string>1980</string>
            </dict>
            <dict>
                <key>id</key>
                <string>1984</string>
            </dict>
            <dict>
                <key>id</key>
                <string>2000</string>
            </dict>
            <dict>
                <key>id</key>
                <string>2002</string>
            </dict>
            <dict>
                <key>id</key>
                <string>2344</string>
            </dict>
            <dict>
                <key>id</key>
                <string>2394</string>
            </dict>
            <dict>
                <key>id</key>
                <string>2396</string>
            </dict>
            <dict>
                <key>id</key>
                <string>2398</string>
            </dict>
            <dict>
                <key>id</key>
                <string>2400</string>
            </dict>
            <dict>
                <key>id</key>
                <string>2424</string>
            </dict>
            <dict>
                <key>id</key>
                <string>2447</string>
            </dict>
            <dict>
                <key>id</key>
                <string>2449</string>
            </dict>
            <dict>
                <key>id</key>
                <string>2451</string>
            </dict>
            <dict>
                <key>id</key>
                <string>2453</string>
            </dict>
            <dict>
                <key>id</key>
                <string>2461</string>
            </dict>
            <dict>
                <key>id</key>
                <string>2463</string>
            </dict>
            <dict>
                <key>id</key>
                <string>2471</string>
            </dict>
            <dict>
                <key>id</key>
                <string>2473</string>
            </dict>
            <dict>
                <key>id</key>
                <string>2475</string>
            </dict>
            <dict>
                <key>id</key>
                <string>2495</string>
            </dict>
            <dict>
                <key>id</key>
                <string>2497</string>
            </dict>
            <dict>
                <key>id</key>
                <string>2499</string>
            </dict>
            <dict>
                <key>id</key>
                <string>2501</string>
            </dict>
            <dict>
                <key>id</key>
                <string>2555</string>
            </dict>
            <dict>
                <key>id</key>
                <string>2557</string>
            </dict>
            <dict>
                <key>id</key>
                <string>2559</string>
            </dict>
            <dict>
                <key>id</key>
                <string>2561</string>
            </dict>
            <dict>
                <key>id</key>
                <string>2564</string>
            </dict>
            <dict>
                <key>id</key>
                <string>2566</string>
            </dict>
            <dict>
                <key>id</key>
                <string>2599</string>
            </dict>
            <dict>
                <key>id</key>
                <string>2601</string>
            </dict>
            <dict>
                <key>id</key>
                <string>2603</string>
            </dict>
            <dict>
                <key>id</key>
                <string>2605</string>
            </dict>
            <dict>
                <key>id</key>
                <string>2607</string>
            </dict>
            <dict>
                <key>id</key>
                <string>2609</string>
            </dict>
            <dict>
                <key>id</key>
                <string>2611</string>
            </dict>
            <dict>
                <key>id</key>
                <string>2613</string>
            </dict>
            <dict>
                <key>id</key>
                <string>2632</string>
            </dict>
            <dict>
                <key>id</key>
                <string>2634</string>
            </dict>
            <dict>
                <key>id</key>
                <string>2636</string>
            </dict>
            <dict>
                <key>id</key>
                <string>2638</string>
            </dict>
            <dict>
                <key>id</key>
                <string>2640</string>
            </dict>
            <dict>
                <key>id</key>
                <string>2642</string>
            </dict>
            <dict>
                <key>id</key>
                <string>2649</string>
            </dict>
            <dict>
                <key>id</key>
                <string>2651</string>
            </dict>
            <dict>
                <key>id</key>
                <string>2653</string>
            </dict>
            <dict>
                <key>id</key>
                <string>2655</string>
            </dict>
            <dict>
                <key>id</key>
                <string>4235</string>
            </dict>
            <dict>
                <key>id</key>
                <string>4285</string>
            </dict>
        </array>
    </dict>
</plist>
