<?xml version="1.0" encoding="UTF-8"?>
<!DOCTYPE plist PUBLIC "-//Apple//DTD PLIST 1.0//EN" "http://www.apple.com/DTDs/PropertyList-1.0.dtd"/>

<plist version="1.0">
    <dict>
        <key>ROOT</key>
        <array>
            <dict>
                <key>id</key>
                <string>2266</string>
                <key>Idle Animation</key>
                <dict>
                    <key>value</key>
                    <string>2268</string>
                </dict>
            </dict>
            <dict>
                <key>id</key>
                <string>2335</string>
                <key>Idle Animation</key>
                <dict>
                    <key>value</key>
                    <string>2337</string>
                </dict>
            </dict>
            <dict>
                <key>id</key>
                <string>2710</string>
                <key>Idle Animation</key>
                <dict>
                    <key>value</key>
                    <string>2712</string>
                </dict>
            </dict>
            <dict>
                <key>id</key>
                <string>2725</string>
                <key>Idle Animation</key>
                <dict>
                    <key>value</key>
                    <string>2727</string>
                </dict>
            </dict>
            <dict>
                <key>id</key>
                <string>4320</string>
                <key>Idle Animation</key>
                <dict>
                    <key>value</key>
                    <string>4322</string>
                </dict>
            </dict>
            <dict>
                <key>id</key>
                <string>4684</string>
                <key>Idle Animation</key>
                <dict>
                    <key>value</key>
                    <string>4686</string>
                </dict>
            </dict>
        </array>
    </dict>
</plist>
