<?xml version="1.0" encoding="UTF-8"?>
<!DOCTYPE plist PUBLIC "-//Apple//DTD PLIST 1.0//EN" "http://www.apple.com/DTDs/PropertyList-1.0.dtd"/>

<plist version="1.0">
    <dict>
        <key>ROOT</key>
        <array>
            <dict>
                <key>id</key>
                <string>98</string>
                <key>children</key>
                <array>
                    <string>3713</string>
                    <string>3719</string>
                    <string>3716</string>
                </array>
            </dict>
            <dict>
                <key>id</key>
                <string>100</string>
                <key>Music</key>
                <dict>
                    <key>value</key>
                    <string>3796</string>
                </dict>
                <key>children</key>
                <array>
                    <string>1912</string>
                    <string>1925</string>
                    <string>2111</string>
                    <string>2157</string>
                    <string>3531</string>
                    <string>3651</string>
                    <string>3654</string>
                </array>
            </dict>
            <dict>
                <key>id</key>
                <string>2113</string>
                <key>children</key>
                <array>
                    <string>2114</string>
                    <string>2117</string>
                </array>
            </dict>
            <dict>
                <key>id</key>
                <string>2121</string>
                <key>children</key>
                <array>
                    <string>2125</string>
                    <string>2126</string>
                    <string>2135</string>
                    <string>2142</string>
                    <string>2122</string>
                    <string>3760</string>
                    <string>3767</string>
                </array>
            </dict>
            <dict>
                <key>id</key>
                <string>2128</string>
                <key>children</key>
                <array>
                    <string>2129</string>
                    <string>2130</string>
                    <string>4926</string>
                </array>
            </dict>
            <dict>
                <key>id</key>
                <string>2137</string>
                <key>children</key>
                <array>
                    <string>2138</string>
                    <string>2139</string>
                </array>
            </dict>
            <dict>
                <key>id</key>
                <string>2144</string>
                <key>children</key>
                <array>
                    <string>2145</string>
                    <string>2148</string>
                    <string>2151</string>
                    <string>2154</string>
                </array>
            </dict>
            <dict>
                <key>id</key>
                <string>2156</string>
                <key>children</key>
                <array>
                    <string>2161</string>
                    <string>2164</string>
                    <string>2165</string>
                </array>
            </dict>
            <dict>
                <key>id</key>
                <string>2196</string>
                <key>children</key>
                <array>
                    <string>2197</string>
                    <string>2198</string>
                </array>
            </dict>
            <dict>
                <key>id</key>
                <string>2202</string>
                <key>Music</key>
                <dict>
                    <key>value</key>
                    <string>4754</string>
                </dict>
                <key>children</key>
                <array/>
            </dict>
            <dict>
                <key>id</key>
                <string>2208</string>
                <key>children</key>
                <array>
                    <string>2209</string>
                    <string>2210</string>
                </array>
            </dict>
        </array>
    </dict>
</plist>
