<?xml version="1.0" encoding="UTF-8"?>
<!DOCTYPE plist PUBLIC "-//Apple//DTD PLIST 1.0//EN" "http://www.apple.com/DTDs/PropertyList-1.0.dtd"/>

<plist version="1.0">
    <dict>
        <key>ROOT</key>
        <array>
            <dict>
                <key>id</key>
                <string>109</string>
                <key>sprites</key>
                <array>
                    <string>110</string>
                </array>
            </dict>
            <dict>
                <key>id</key>
                <string>150</string>
                <key>sprites</key>
                <array>
                    <string>151</string>
                </array>
            </dict>
            <dict>
                <key>id</key>
                <string>341</string>
                <key>sprites</key>
                <array>
                    <string>342</string>
                </array>
            </dict>
            <dict>
                <key>id</key>
                <string>441</string>
                <key>sprites</key>
                <array>
                    <string>442</string>
                </array>
            </dict>
            <dict>
                <key>id</key>
                <string>991</string>
                <key>sprites</key>
                <array>
                    <string>992</string>
                </array>
            </dict>
            <dict>
                <key>id</key>
                <string>1042</string>
                <key>sprites</key>
                <array>
                    <string>1043</string>
                </array>
            </dict>
            <dict>
                <key>id</key>
                <string>1050</string>
                <key>sprites</key>
                <array>
                    <string>1051</string>
                </array>
            </dict>
            <dict>
                <key>id</key>
                <string>1186</string>
                <key>sprites</key>
                <array>
                    <string>1187</string>
                </array>
            </dict>
            <dict>
                <key>id</key>
                <string>1859</string>
                <key>sprites</key>
                <array>
                    <string>1860</string>
                </array>
            </dict>
            <dict>
                <key>id</key>
                <string>2028</string>
                <key>sprites</key>
                <array>
                    <string>2029</string>
                </array>
            </dict>
            <dict>
                <key>id</key>
                <string>2034</string>
                <key>sprites</key>
                <array>
                    <string>2035</string>
                </array>
            </dict>
            <dict>
                <key>id</key>
                <string>2109</string>
                <key>sprites</key>
                <array>
                    <string>2110</string>
                </array>
            </dict>
            <dict>
                <key>id</key>
                <string>2146</string>
                <key>sprites</key>
                <array>
                    <string>2147</string>
                </array>
            </dict>
            <dict>
                <key>id</key>
                <string>2149</string>
                <key>sprites</key>
                <array>
                    <string>2150</string>
                </array>
            </dict>
            <dict>
                <key>id</key>
                <string>2159</string>
                <key>sprites</key>
                <array>
                    <string>2160</string>
                </array>
            </dict>
            <dict>
                <key>id</key>
                <string>2162</string>
                <key>sprites</key>
                <array>
                    <string>2163</string>
                </array>
            </dict>
            <dict>
                <key>id</key>
                <string>2239</string>
                <key>sprites</key>
                <array>
                    <string>2240</string>
                </array>
            </dict>
            <dict>
                <key>id</key>
                <string>2242</string>
                <key>sprites</key>
                <array>
                    <string>2243</string>
                    <string>2244</string>
                    <string>2245</string>
                    <string>2246</string>
                    <string>2247</string>
                    <string>2248</string>
                    <string>2250</string>
                    <string>2251</string>
                    <string>2252</string>
                    <string>2253</string>
                </array>
            </dict>
            <dict>
                <key>id</key>
                <string>2264</string>
                <key>sprites</key>
                <array>
                    <string>2265</string>
                </array>
            </dict>
            <dict>
                <key>id</key>
                <string>2289</string>
                <key>sprites</key>
                <array>
                    <string>2290</string>
                    <string>2291</string>
                    <string>2292</string>
                    <string>2293</string>
                    <string>2294</string>
                    <string>2295</string>
                    <string>2296</string>
                    <string>2297</string>
                </array>
            </dict>
            <dict>
                <key>id</key>
                <string>2333</string>
                <key>sprites</key>
                <array>
                    <string>2334</string>
                </array>
            </dict>
            <dict>
                <key>id</key>
                <string>2699</string>
                <key>sprites</key>
                <array>
                    <string>2700</string>
                    <string>2701</string>
                    <string>2702</string>
                    <string>2703</string>
                    <string>2704</string>
                    <string>2705</string>
                    <string>2706</string>
                    <string>2707</string>
                    <string>2708</string>
                    <string>2709</string>
                </array>
            </dict>
            <dict>
                <key>id</key>
                <string>2723</string>
                <key>sprites</key>
                <array>
                    <string>2724</string>
                </array>
            </dict>
            <dict>
                <key>id</key>
                <string>2842</string>
                <key>sprites</key>
                <array>
                    <string>2843</string>
                </array>
            </dict>
            <dict>
                <key>id</key>
                <string>2856</string>
                <key>sprites</key>
                <array>
                    <string>2857</string>
                    <string>2858</string>
                    <string>2859</string>
                    <string>2860</string>
                    <string>2861</string>
                    <string>2862</string>
                    <string>2863</string>
                    <string>2864</string>
                    <string>2865</string>
                    <string>2866</string>
                    <string>2867</string>
                    <string>2868</string>
                    <string>2869</string>
                    <string>2870</string>
                    <string>2871</string>
                    <string>2872</string>
                    <string>2873</string>
                </array>
            </dict>
            <dict>
                <key>id</key>
                <string>3196</string>
                <key>sprites</key>
                <array>
                    <string>3197</string>
                </array>
            </dict>
            <dict>
                <key>id</key>
                <string>3208</string>
                <key>sprites</key>
                <array>
                    <string>3209</string>
                    <string>3210</string>
                    <string>3211</string>
                    <string>3212</string>
                    <string>3213</string>
                    <string>3214</string>
                    <string>3215</string>
                    <string>3216</string>
                    <string>3217</string>
                    <string>3218</string>
                    <string>3219</string>
                    <string>3220</string>
                    <string>3221</string>
                    <string>3222</string>
                    <string>3223</string>
                    <string>3224</string>
                    <string>3225</string>
                    <string>3226</string>
                    <string>3227</string>
                    <string>3228</string>
                </array>
            </dict>
            <dict>
                <key>id</key>
                <string>3240</string>
                <key>sprites</key>
                <array>
                    <string>3241</string>
                    <string>3242</string>
                    <string>3243</string>
                    <string>3245</string>
                    <string>3246</string>
                    <string>3247</string>
                    <string>3248</string>
                    <string>3249</string>
                    <string>3250</string>
                    <string>3251</string>
                </array>
            </dict>
            <dict>
                <key>id</key>
                <string>3511</string>
                <key>sprites</key>
                <array>
                    <string>3512</string>
                    <string>3513</string>
                    <string>3514</string>
                    <string>3515</string>
                    <string>3516</string>
                    <string>3517</string>
                    <string>3518</string>
                    <string>3519</string>
                    <string>3520</string>
                    <string>3521</string>
                    <string>3522</string>
                    <string>3523</string>
                </array>
            </dict>
            <dict>
                <key>id</key>
                <string>3539</string>
                <key>sprites</key>
                <array>
                    <string>3540</string>
                </array>
            </dict>
            <dict>
                <key>id</key>
                <string>3550</string>
                <key>sprites</key>
                <array>
                    <string>3551</string>
                </array>
            </dict>
            <dict>
                <key>id</key>
                <string>3709</string>
                <key>sprites</key>
                <array>
                    <string>3710</string>
                </array>
            </dict>
            <dict>
                <key>id</key>
                <string>3730</string>
                <key>sprites</key>
                <array>
                    <string>3731</string>
                </array>
            </dict>
            <dict>
                <key>id</key>
                <string>3736</string>
                <key>sprites</key>
                <array>
                    <string>3737</string>
                </array>
            </dict>
            <dict>
                <key>id</key>
                <string>3742</string>
                <key>sprites</key>
                <array>
                    <string>3743</string>
                </array>
            </dict>
            <dict>
                <key>id</key>
                <string>3748</string>
                <key>sprites</key>
                <array>
                    <string>3749</string>
                </array>
            </dict>
            <dict>
                <key>id</key>
                <string>3754</string>
                <key>sprites</key>
                <array>
                    <string>3755</string>
                </array>
            </dict>
            <dict>
                <key>id</key>
                <string>3761</string>
                <key>sprites</key>
                <array>
                    <string>3762</string>
                </array>
            </dict>
            <dict>
                <key>id</key>
                <string>3768</string>
                <key>sprites</key>
                <array>
                    <string>3769</string>
                </array>
            </dict>
            <dict>
                <key>id</key>
                <string>3772</string>
                <key>sprites</key>
                <array>
                    <string>3773</string>
                </array>
            </dict>
            <dict>
                <key>id</key>
                <string>3830</string>
                <key>sprites</key>
                <array>
                    <string>3831</string>
                    <string>3832</string>
                    <string>3833</string>
                    <string>3834</string>
                    <string>3835</string>
                    <string>3836</string>
                    <string>3837</string>
                    <string>3838</string>
                    <string>3839</string>
                    <string>3840</string>
                </array>
            </dict>
            <dict>
                <key>id</key>
                <string>3910</string>
                <key>sprites</key>
                <array>
                    <string>3911</string>
                    <string>3912</string>
                    <string>3913</string>
                    <string>3915</string>
                    <string>3916</string>
                    <string>3917</string>
                    <string>3918</string>
                    <string>3919</string>
                    <string>3920</string>
                    <string>3921</string>
                </array>
            </dict>
            <dict>
                <key>id</key>
                <string>3931</string>
                <key>sprites</key>
                <array>
                    <string>3932</string>
                    <string>3933</string>
                    <string>3934</string>
                    <string>3935</string>
                    <string>3936</string>
                    <string>3937</string>
                    <string>3938</string>
                    <string>3939</string>
                    <string>3940</string>
                    <string>3942</string>
                </array>
            </dict>
            <dict>
                <key>id</key>
                <string>3952</string>
                <key>sprites</key>
                <array>
                    <string>3953</string>
                    <string>3954</string>
                    <string>3955</string>
                    <string>3956</string>
                    <string>3957</string>
                    <string>3958</string>
                    <string>3959</string>
                    <string>3960</string>
                    <string>3961</string>
                    <string>3962</string>
                </array>
            </dict>
            <dict>
                <key>id</key>
                <string>3972</string>
                <key>sprites</key>
                <array>
                    <string>3973</string>
                    <string>3975</string>
                    <string>3976</string>
                    <string>3977</string>
                    <string>3978</string>
                    <string>3979</string>
                    <string>3980</string>
                    <string>3981</string>
                    <string>3982</string>
                    <string>3983</string>
                </array>
            </dict>
            <dict>
                <key>id</key>
                <string>3993</string>
                <key>sprites</key>
                <array>
                    <string>3994</string>
                    <string>3995</string>
                    <string>3996</string>
                    <string>3997</string>
                    <string>3999</string>
                    <string>4000</string>
                    <string>4001</string>
                    <string>4002</string>
                    <string>4003</string>
                    <string>4004</string>
                </array>
            </dict>
            <dict>
                <key>id</key>
                <string>4014</string>
                <key>sprites</key>
                <array>
                    <string>4015</string>
                    <string>4016</string>
                    <string>4017</string>
                    <string>4018</string>
                    <string>4019</string>
                    <string>4020</string>
                    <string>4021</string>
                    <string>4022</string>
                    <string>4023</string>
                    <string>4025</string>
                </array>
            </dict>
            <dict>
                <key>id</key>
                <string>4035</string>
                <key>sprites</key>
                <array>
                    <string>4036</string>
                    <string>4037</string>
                    <string>4038</string>
                    <string>4039</string>
                    <string>4040</string>
                    <string>4041</string>
                    <string>4042</string>
                    <string>4043</string>
                    <string>4044</string>
                    <string>4045</string>
                </array>
            </dict>
            <dict>
                <key>id</key>
                <string>4307</string>
                <key>sprites</key>
                <array>
                    <string>4308</string>
                </array>
            </dict>
            <dict>
                <key>id</key>
                <string>4318</string>
                <key>sprites</key>
                <array>
                    <string>4319</string>
                </array>
            </dict>
            <dict>
                <key>id</key>
                <string>4677</string>
                <key>sprites</key>
                <array>
                    <string>4678</string>
                </array>
            </dict>
            <dict>
                <key>id</key>
                <string>4682</string>
                <key>sprites</key>
                <array>
                    <string>4683</string>
                </array>
            </dict>
            <dict>
                <key>id</key>
                <string>4914</string>
                <key>sprites</key>
                <array>
                    <string>4915</string>
                </array>
            </dict>
            <dict>
                <key>id</key>
                <string>4929</string>
                <key>sprites</key>
                <array>
                    <string>4930</string>
                </array>
            </dict>
        </array>
    </dict>
</plist>
