<?xml version="1.0" encoding="UTF-8"?>
<!DOCTYPE plist PUBLIC "-//Apple//DTD PLIST 1.0//EN" "http://www.apple.com/DTDs/PropertyList-1.0.dtd"/>

<plist version="1.0">
    <dict>
        <key>ROOT</key>
        <array>
            <dict>
                <key>id</key>
                <string>3767</string>
                <key>Sound is ON</key>
                <dict>
                    <key>value</key>
                    <string>3772</string>
                </dict>
                <key>Sound is OFF</key>
                <dict>
                    <key>value</key>
                    <string>3768</string>
                </dict>
            </dict>
        </array>
    </dict>
</plist>
