<?xml version="1.0" encoding="UTF-8"?>
<!DOCTYPE plist PUBLIC "-//Apple//DTD PLIST 1.0//EN" "http://www.apple.com/DTDs/PropertyList-1.0.dtd"/>

<plist version="1.0">
    <dict>
        <key>ROOT</key>
        <array>
            <dict>
                <key>id</key>
                <string>484</string>
            </dict>
            <dict>
                <key>id</key>
                <string>1297</string>
            </dict>
            <dict>
                <key>id</key>
                <string>1655</string>
            </dict>
            <dict>
                <key>id</key>
                <string>3692</string>
            </dict>
            <dict>
                <key>id</key>
                <string>3812</string>
            </dict>
            <dict>
                <key>id</key>
                <string>3816</string>
            </dict>
            <dict>
                <key>id</key>
                <string>3820</string>
            </dict>
            <dict>
                <key>id</key>
                <string>3828</string>
            </dict>
            <dict>
                <key>id</key>
                <string>4075</string>
            </dict>
            <dict>
                <key>id</key>
                <string>4086</string>
            </dict>
            <dict>
                <key>id</key>
                <string>4482</string>
            </dict>
            <dict>
                <key>id</key>
                <string>4486</string>
            </dict>
            <dict>
                <key>id</key>
                <string>4595</string>
            </dict>
            <dict>
                <key>id</key>
                <string>4601</string>
            </dict>
            <dict>
                <key>id</key>
                <string>4901</string>
            </dict>
            <dict>
                <key>id</key>
                <string>4907</string>
            </dict>
        </array>
    </dict>
</plist>
