<?xml version="1.0" encoding="UTF-8"?>
<!DOCTYPE plist PUBLIC "-//Apple//DTD PLIST 1.0//EN" "http://www.apple.com/DTDs/PropertyList-1.0.dtd"/>

<plist version="1.0">
    <dict>
        <key>ROOT</key>
        <array>
            <dict>
                <key>id</key>
                <string>103</string>
                <key>children</key>
                <array>
                    <string>217</string>
                    <string>429</string>
                    <string>515</string>
                    <string>605</string>
                    <string>610</string>
                    <string>641</string>
                </array>
                <key>childLinkers</key>
                <array/>
            </dict>
            <dict>
                <key>id</key>
                <string>2203</string>
                <key>children</key>
                <array>
                    <string>4692</string>
                    <string>4696</string>
                    <string>4702</string>
                    <string>4741</string>
                    <string>4757</string>
                    <string>4824</string>
                    <string>4827</string>
                    <string>4865</string>
                    <string>4888</string>
                </array>
                <key>childLinkers</key>
                <array/>
            </dict>
            <dict>
                <key>id</key>
                <string>1334</string>
                <key>children</key>
                <array>
                    <string>2263</string>
                    <string>2274</string>
                    <string>2276</string>
                    <string>2278</string>
                    <string>2280</string>
                    <string>2282</string>
                    <string>3270</string>
                    <string>3692</string>
                    <string>3698</string>
                    <string>3874</string>
                    <string>3930</string>
                    <string>3951</string>
                    <string>3992</string>
                    <string>4013</string>
                    <string>4034</string>
                </array>
                <key>childLinkers</key>
                <array/>
            </dict>
            <dict>
                <key>id</key>
                <string>2204</string>
                <key>children</key>
                <array>
                    <string>4704</string>
                    <string>4706</string>
                    <string>4708</string>
                    <string>4808</string>
                    <string>4811</string>
                    <string>4813</string>
                    <string>4856</string>
                    <string>4859</string>
                    <string>4881</string>
                </array>
                <key>childLinkers</key>
                <array/>
            </dict>
            <dict>
                <key>id</key>
                <string>2172</string>
                <key>children</key>
                <array>
                    <string>4328</string>
                    <string>4331</string>
                    <string>4333</string>
                    <string>4335</string>
                    <string>4337</string>
                    <string>4490</string>
                    <string>4492</string>
                    <string>4543</string>
                </array>
                <key>childLinkers</key>
                <array/>
            </dict>
            <dict>
                <key>id</key>
                <string>4709</string>
                <key>children</key>
                <array>
                    <string>4711</string>
                    <string>4713</string>
                    <string>4715</string>
                    <string>4717</string>
                    <string>4760</string>
                    <string>4822</string>
                    <string>4852</string>
                    <string>4854</string>
                    <string>4891</string>
                </array>
                <key>childLinkers</key>
                <array/>
            </dict>
            <dict>
                <key>id</key>
                <string>1694</string>
                <key>children</key>
                <array>
                    <string>2330</string>
                    <string>2332</string>
                    <string>2343</string>
                    <string>2362</string>
                    <string>2917</string>
                    <string>3886</string>
                    <string>4111</string>
                </array>
                <key>childLinkers</key>
                <array/>
            </dict>
            <dict>
                <key>id</key>
                <string>4718</string>
                <key>children</key>
                <array>
                    <string>4720</string>
                    <string>4722</string>
                    <string>4724</string>
                    <string>4791</string>
                    <string>4793</string>
                    <string>4830</string>
                    <string>4839</string>
                    <string>4879</string>
                    <string>4907</string>
                    <string>4911</string>
                </array>
                <key>childLinkers</key>
                <array/>
            </dict>
            <dict>
                <key>id</key>
                <string>2190</string>
                <key>children</key>
                <array>
                    <string>4339</string>
                    <string>4345</string>
                    <string>4347</string>
                    <string>4349</string>
                    <string>4475</string>
                    <string>4486</string>
                </array>
                <key>childLinkers</key>
                <array/>
            </dict>
            <dict>
                <key>id</key>
                <string>4725</string>
                <key>children</key>
                <array>
                    <string>4727</string>
                    <string>4729</string>
                    <string>4731</string>
                    <string>4798</string>
                    <string>4800</string>
                    <string>4850</string>
                    <string>4867</string>
                    <string>4893</string>
                </array>
                <key>childLinkers</key>
                <array/>
            </dict>
            <dict>
                <key>id</key>
                <string>2948</string>
                <key>children</key>
                <array>
                    <string>2949</string>
                    <string>2950</string>
                    <string>2951</string>
                    <string>2952</string>
                    <string>2953</string>
                    <string>2955</string>
                    <string>2967</string>
                    <string>3298</string>
                    <string>3305</string>
                    <string>4068</string>
                    <string>4075</string>
                    <string>4120</string>
                    <string>4228</string>
                </array>
                <key>childLinkers</key>
                <array>
                    <string>2957</string>
                </array>
            </dict>
            <dict>
                <key>id</key>
                <string>4732</string>
                <key>children</key>
                <array>
                    <string>4734</string>
                    <string>4736</string>
                    <string>4738</string>
                    <string>4762</string>
                    <string>4765</string>
                    <string>4806</string>
                    <string>4820</string>
                    <string>4841</string>
                    <string>4844</string>
                    <string>4873</string>
                    <string>4896</string>
                    <string>4901</string>
                </array>
                <key>childLinkers</key>
                <array/>
            </dict>
            <dict>
                <key>id</key>
                <string>4350</string>
                <key>children</key>
                <array>
                    <string>4366</string>
                    <string>4368</string>
                    <string>4370</string>
                    <string>4372</string>
                    <string>4426</string>
                    <string>4427</string>
                    <string>4433</string>
                    <string>4443</string>
                    <string>4540</string>
                    <string>4558</string>
                    <string>4560</string>
                    <string>4578</string>
                    <string>4581</string>
                    <string>4641</string>
                </array>
                <key>childLinkers</key>
                <array>
                    <string>4428</string>
                </array>
            </dict>
            <dict>
                <key>id</key>
                <string>2367</string>
                <key>children</key>
                <array>
                    <string>2386</string>
                    <string>2388</string>
                    <string>2390</string>
                    <string>2399</string>
                    <string>2412</string>
                    <string>3001</string>
                    <string>3560</string>
                    <string>3812</string>
                    <string>3323</string>
                    <string>4129</string>
                    <string>4184</string>
                    <string>4186</string>
                    <string>4188</string>
                </array>
                <key>childLinkers</key>
                <array/>
            </dict>
            <dict>
                <key>id</key>
                <string>4351</string>
                <key>children</key>
                <array>
                    <string>4360</string>
                    <string>4374</string>
                    <string>4376</string>
                    <string>4498</string>
                    <string>4546</string>
                    <string>4608</string>
                    <string>4619</string>
                </array>
                <key>childLinkers</key>
                <array/>
            </dict>
            <dict>
                <key>id</key>
                <string>2368</string>
                <key>children</key>
                <array>
                    <string>2429</string>
                    <string>2431</string>
                    <string>2433</string>
                    <string>3011</string>
                    <string>3329</string>
                    <string>3333</string>
                    <string>4132</string>
                    <string>4175</string>
                    <string>4177</string>
                    <string>4179</string>
                </array>
                <key>childLinkers</key>
                <array/>
            </dict>
            <dict>
                <key>id</key>
                <string>4352</string>
                <key>children</key>
                <array>
                    <string>4378</string>
                    <string>4380</string>
                    <string>4382</string>
                    <string>4538</string>
                    <string>4548</string>
                    <string>4576</string>
                    <string>4631</string>
                    <string>4634</string>
                </array>
                <key>childLinkers</key>
                <array/>
            </dict>
            <dict>
                <key>id</key>
                <string>2369</string>
                <key>children</key>
                <array>
                    <string>2435</string>
                    <string>2439</string>
                    <string>2462</string>
                    <string>3337</string>
                    <string>4190</string>
                    <string>4192</string>
                </array>
                <key>childLinkers</key>
                <array/>
            </dict>
            <dict>
                <key>id</key>
                <string>4353</string>
                <key>children</key>
                <array>
                    <string>4385</string>
                    <string>4387</string>
                    <string>4389</string>
                    <string>4393</string>
                    <string>4500</string>
                    <string>4508</string>
                    <string>4563</string>
                    <string>4601</string>
                    <string>4605</string>
                    <string>4639</string>
                </array>
                <key>childLinkers</key>
                <array/>
            </dict>
            <dict>
                <key>id</key>
                <string>4354</string>
                <key>children</key>
                <array>
                    <string>4396</string>
                    <string>4398</string>
                    <string>4400</string>
                    <string>4452</string>
                    <string>4456</string>
                    <string>4457</string>
                    <string>4463</string>
                    <string>4469</string>
                    <string>4536</string>
                    <string>4550</string>
                    <string>4574</string>
                    <string>4621</string>
                    <string>4629</string>
                </array>
                <key>childLinkers</key>
                <array>
                    <string>4458</string>
                </array>
            </dict>
            <dict>
                <key>id</key>
                <string>2382</string>
                <key>children</key>
                <array>
                    <string>2443</string>
                    <string>2452</string>
                    <string>2455</string>
                    <string>2457</string>
                    <string>3019</string>
                    <string>3023</string>
                    <string>3342</string>
                    <string>3570</string>
                    <string>3816</string>
                    <string>4194</string>
                    <string>4196</string>
                    <string>4198</string>
                </array>
                <key>childLinkers</key>
                <array/>
            </dict>
            <dict>
                <key>id</key>
                <string>4355</string>
                <key>children</key>
                <array>
                    <string>4402</string>
                    <string>4404</string>
                    <string>4477</string>
                    <string>4482</string>
                    <string>4510</string>
                    <string>4512</string>
                    <string>4584</string>
                    <string>4611</string>
                    <string>4637</string>
                </array>
                <key>childLinkers</key>
                <array/>
            </dict>
            <dict>
                <key>id</key>
                <string>2465</string>
                <key>children</key>
                <array>
                    <string>2479</string>
                    <string>2481</string>
                    <string>2483</string>
                    <string>3344</string>
                    <string>4136</string>
                    <string>4200</string>
                    <string>4230</string>
                    <string>4272</string>
                    <string>4277</string>
                    <string>4291</string>
                </array>
                <key>childLinkers</key>
                <array/>
            </dict>
            <dict>
                <key>id</key>
                <string>4356</string>
                <key>children</key>
                <array>
                    <string>4406</string>
                    <string>4408</string>
                    <string>4534</string>
                    <string>4553</string>
                    <string>4565</string>
                </array>
                <key>childLinkers</key>
                <array/>
            </dict>
            <dict>
                <key>id</key>
                <string>2466</string>
                <key>children</key>
                <array>
                    <string>2489</string>
                    <string>2491</string>
                    <string>2493</string>
                    <string>2500</string>
                    <string>2787</string>
                    <string>2788</string>
                    <string>2794</string>
                    <string>2800</string>
                    <string>3027</string>
                    <string>3347</string>
                    <string>3682</string>
                    <string>3820</string>
                    <string>4139</string>
                    <string>4141</string>
                    <string>4143</string>
                </array>
                <key>childLinkers</key>
                <array>
                    <string>2789</string>
                </array>
            </dict>
            <dict>
                <key>id</key>
                <string>4357</string>
                <key>children</key>
                <array>
                    <string>4412</string>
                    <string>4414</string>
                    <string>4416</string>
                    <string>4514</string>
                    <string>4555</string>
                    <string>4571</string>
                    <string>4613</string>
                    <string>4623</string>
                    <string>4626</string>
                </array>
                <key>childLinkers</key>
                <array/>
            </dict>
            <dict>
                <key>id</key>
                <string>2467</string>
                <key>children</key>
                <array>
                    <string>2505</string>
                    <string>2507</string>
                    <string>2509</string>
                    <string>3039</string>
                    <string>3043</string>
                    <string>3353</string>
                </array>
                <key>childLinkers</key>
                <array/>
            </dict>
            <dict>
                <key>id</key>
                <string>4358</string>
                <key>children</key>
                <array>
                    <string>4418</string>
                    <string>4420</string>
                    <string>4422</string>
                    <string>4521</string>
                    <string>4523</string>
                    <string>4526</string>
                    <string>4531</string>
                    <string>4567</string>
                    <string>4586</string>
                    <string>4590</string>
                    <string>4595</string>
                    <string>4616</string>
                    <string>4785</string>
                </array>
                <key>childLinkers</key>
                <array/>
            </dict>
            <dict>
                <key>id</key>
                <string>2468</string>
                <key>children</key>
                <array>
                    <string>2514</string>
                    <string>2516</string>
                    <string>2518</string>
                    <string>3051</string>
                    <string>3047</string>
                    <string>3364</string>
                    <string>4086</string>
                    <string>4090</string>
                    <string>4202</string>
                    <string>4205</string>
                </array>
                <key>childLinkers</key>
                <array/>
            </dict>
            <dict>
                <key>id</key>
                <string>1250</string>
                <key>children</key>
                <array>
                    <string>1252</string>
                    <string>1255</string>
                    <string>1258</string>
                    <string>1259</string>
                    <string>1261</string>
                    <string>1264</string>
                </array>
                <key>childLinkers</key>
                <array/>
            </dict>
            <dict>
                <key>id</key>
                <string>2469</string>
                <key>children</key>
                <array>
                    <string>2522</string>
                    <string>2526</string>
                    <string>3061</string>
                    <string>3367</string>
                    <string>4210</string>
                </array>
                <key>childLinkers</key>
                <array/>
            </dict>
            <dict>
                <key>id</key>
                <string>2535</string>
                <key>children</key>
                <array>
                    <string>2539</string>
                    <string>2541</string>
                    <string>2543</string>
                    <string>3063</string>
                    <string>3369</string>
                </array>
                <key>childLinkers</key>
                <array/>
            </dict>
            <dict>
                <key>id</key>
                <string>2545</string>
                <key>children</key>
                <array>
                    <string>2549</string>
                    <string>2551</string>
                    <string>2553</string>
                    <string>2560</string>
                    <string>3065</string>
                    <string>4148</string>
                    <string>3372</string>
                    <string>4260</string>
                    <string>4262</string>
                </array>
                <key>childLinkers</key>
                <array/>
            </dict>
            <dict>
                <key>id</key>
                <string>2562</string>
                <key>children</key>
                <array>
                    <string>2565</string>
                    <string>2570</string>
                    <string>2572</string>
                    <string>2574</string>
                    <string>3073</string>
                    <string>3381</string>
                    <string>3385</string>
                    <string>4232</string>
                </array>
                <key>childLinkers</key>
                <array/>
            </dict>
            <dict>
                <key>id</key>
                <string>104</string>
                <key>children</key>
                <array>
                    <string>394</string>
                    <string>426</string>
                    <string>463</string>
                    <string>475</string>
                    <string>484</string>
                    <string>499</string>
                    <string>582</string>
                    <string>594</string>
                    <string>596</string>
                    <string>755</string>
                    <string>935</string>
                    <string>951</string>
                </array>
                <key>childLinkers</key>
                <array/>
            </dict>
            <dict>
                <key>id</key>
                <string>2575</string>
                <key>children</key>
                <array>
                    <string>2577</string>
                    <string>2583</string>
                    <string>3079</string>
                    <string>3081</string>
                    <string>3087</string>
                    <string>3089</string>
                    <string>3391</string>
                    <string>3396</string>
                    <string>4214</string>
                    <string>4216</string>
                </array>
                <key>childLinkers</key>
                <array/>
            </dict>
            <dict>
                <key>id</key>
                <string>2587</string>
                <key>children</key>
                <array>
                    <string>2589</string>
                    <string>2591</string>
                    <string>2593</string>
                    <string>4155</string>
                    <string>4218</string>
                    <string>4258</string>
                    <string>4279</string>
                </array>
                <key>childLinkers</key>
                <array/>
            </dict>
            <dict>
                <key>id</key>
                <string>2597</string>
                <key>children</key>
                <array>
                    <string>2604</string>
                    <string>2608</string>
                    <string>2612</string>
                    <string>2617</string>
                    <string>2622</string>
                    <string>2646</string>
                    <string>3101</string>
                    <string>3407</string>
                    <string>4161</string>
                    <string>4221</string>
                    <string>4293</string>
                </array>
                <key>childLinkers</key>
                <array/>
            </dict>
            <dict>
                <key>id</key>
                <string>938</string>
                <key>children</key>
                <array>
                    <string>1113</string>
                </array>
                <key>childLinkers</key>
                <array/>
            </dict>
            <dict>
                <key>id</key>
                <string>2624</string>
                <key>children</key>
                <array>
                    <string>2628</string>
                    <string>2630</string>
                    <string>2637</string>
                    <string>2641</string>
                    <string>2821</string>
                    <string>2822</string>
                    <string>2828</string>
                    <string>2838</string>
                    <string>3105</string>
                    <string>3107</string>
                    <string>3121</string>
                    <string>3409</string>
                    <string>3576</string>
                    <string>3828</string>
                    <string>4163</string>
                    <string>4165</string>
                </array>
                <key>childLinkers</key>
                <array>
                    <string>2823</string>
                </array>
            </dict>
            <dict>
                <key>id</key>
                <string>2647</string>
                <key>children</key>
                <array>
                    <string>2650</string>
                    <string>2654</string>
                    <string>2661</string>
                    <string>2663</string>
                    <string>2665</string>
                    <string>3133</string>
                    <string>3135</string>
                    <string>3137</string>
                    <string>3422</string>
                    <string>3430</string>
                    <string>4250</string>
                    <string>4254</string>
                    <string>4256</string>
                </array>
                <key>childLinkers</key>
                <array/>
            </dict>
            <dict>
                <key>id</key>
                <string>2668</string>
                <key>children</key>
                <array>
                    <string>2680</string>
                    <string>2682</string>
                    <string>2684</string>
                    <string>3139</string>
                    <string>3145</string>
                    <string>3851</string>
                    <string>3442</string>
                    <string>4104</string>
                    <string>4245</string>
                    <string>4274</string>
                    <string>4295</string>
                    <string>4776</string>
                </array>
                <key>childLinkers</key>
                <array/>
            </dict>
            <dict>
                <key>id</key>
                <string>939</string>
                <key>children</key>
                <array>
                    <string>1017</string>
                    <string>1035</string>
                    <string>1047</string>
                    <string>1133</string>
                    <string>1154</string>
                </array>
                <key>childLinkers</key>
                <array/>
            </dict>
        </array>
    </dict>
</plist>
