<?xml version="1.0" encoding="UTF-8"?>
<!DOCTYPE plist PUBLIC "-//Apple//DTD PLIST 1.0//EN" "http://www.apple.com/DTDs/PropertyList-1.0.dtd"/>

<plist version="1.0">
    <dict>
        <key>ROOT</key>
        <array>
            <dict>
                <key>id</key>
                <string>2266</string>
                <key>className</key>
                <string>PTModelAssetObstacle</string>
                <key>Name</key>
                <dict>
                    <key>value</key>
                    <string>IceBox</string>
                </dict>
                <key>Collision Shape</key>
                <dict>
                    <key>id</key>
                    <string>2267</string>
                    <key>className</key>
                    <string>PTModelPolygon</string>
                    <key>Name</key>
                    <dict>
                        <key>value</key>
                        <string></string>
                    </dict>
                    <key>points</key>
                    <array>
                        <string>{-50.000000,-50.000000}</string>
                        <string>{51.000000,-50.000000}</string>
                        <string>{51.000000,51.000000}</string>
                        <string>{-50.000000,51.000000}</string>
                    </array>
                    <key>oneWayCollisionVector</key>
                    <string>{0.000000,0.000000}</string>
                    <key>shapeType</key>
                    <string>1</string>
                </dict>
            </dict>
            <dict>
                <key>id</key>
                <string>2335</string>
                <key>className</key>
                <string>PTModelAssetObstacle</string>
                <key>Name</key>
                <dict>
                    <key>value</key>
                    <string>StoneBlock</string>
                </dict>
                <key>Collision Shape</key>
                <dict>
                    <key>id</key>
                    <string>2336</string>
                    <key>className</key>
                    <string>PTModelPolygon</string>
                    <key>Name</key>
                    <dict>
                        <key>value</key>
                        <string></string>
                    </dict>
                    <key>points</key>
                    <array>
                        <string>{-50.000000,-49.000000}</string>
                        <string>{51.000000,-49.000000}</string>
                        <string>{51.000000,50.000000}</string>
                        <string>{-50.000000,50.000000}</string>
                    </array>
                    <key>oneWayCollisionVector</key>
                    <string>{0.000000,0.000000}</string>
                    <key>shapeType</key>
                    <string>1</string>
                </dict>
            </dict>
            <dict>
                <key>id</key>
                <string>2710</string>
                <key>className</key>
                <string>PTModelAssetObstacle</string>
                <key>Name</key>
                <dict>
                    <key>value</key>
                    <string>Walk (1)</string>
                </dict>
                <key>Collision Shape</key>
                <dict>
                    <key>id</key>
                    <string>2711</string>
                    <key>className</key>
                    <string>PTModelPolygon</string>
                    <key>Name</key>
                    <dict>
                        <key>value</key>
                        <string></string>
                    </dict>
                    <key>points</key>
                    <array>
                        <string>{-159.000000,-244.000000}</string>
                        <string>{179.000000,-244.000000}</string>
                        <string>{179.000000,276.000000}</string>
                        <string>{-159.000000,276.000000}</string>
                    </array>
                    <key>oneWayCollisionVector</key>
                    <string>{0.000000,0.000000}</string>
                    <key>shapeType</key>
                    <string>1</string>
                </dict>
            </dict>
            <dict>
                <key>id</key>
                <string>2725</string>
                <key>className</key>
                <string>PTModelAssetObstacle</string>
                <key>Name</key>
                <dict>
                    <key>value</key>
                    <string>Crate</string>
                </dict>
                <key>Collision Shape</key>
                <dict>
                    <key>id</key>
                    <string>2726</string>
                    <key>className</key>
                    <string>PTModelPolygon</string>
                    <key>Name</key>
                    <dict>
                        <key>value</key>
                        <string></string>
                    </dict>
                    <key>points</key>
                    <array>
                        <string>{-38.000000,-38.000000}</string>
                        <string>{39.000000,-38.000000}</string>
                        <string>{39.000000,39.000000}</string>
                        <string>{-38.000000,39.000000}</string>
                    </array>
                    <key>oneWayCollisionVector</key>
                    <string>{0.000000,0.000000}</string>
                    <key>shapeType</key>
                    <string>1</string>
                </dict>
            </dict>
            <dict>
                <key>id</key>
                <string>4320</string>
                <key>className</key>
                <string>PTModelAssetObstacle</string>
                <key>Name</key>
                <dict>
                    <key>value</key>
                    <string>BGTile (3)</string>
                </dict>
                <key>Collision Shape</key>
                <dict>
                    <key>id</key>
                    <string>4321</string>
                    <key>className</key>
                    <string>PTModelPolygon</string>
                    <key>Name</key>
                    <dict>
                        <key>value</key>
                        <string></string>
                    </dict>
                    <key>points</key>
                    <array>
                        <string>{-128.000000,-128.000000}</string>
                        <string>{128.000000,-128.000000}</string>
                        <string>{128.000000,128.000000}</string>
                        <string>{-128.000000,128.000000}</string>
                    </array>
                    <key>oneWayCollisionVector</key>
                    <string>{0.000000,0.000000}</string>
                    <key>shapeType</key>
                    <string>1</string>
                </dict>
            </dict>
            <dict>
                <key>id</key>
                <string>4684</string>
                <key>className</key>
                <string>PTModelAssetObstacle</string>
                <key>Name</key>
                <dict>
                    <key>value</key>
                    <string>Tile (16)</string>
                </dict>
                <key>Collision Shape</key>
                <dict>
                    <key>id</key>
                    <string>4685</string>
                    <key>className</key>
                    <string>PTModelPolygon</string>
                    <key>Name</key>
                    <dict>
                        <key>value</key>
                        <string></string>
                    </dict>
                    <key>points</key>
                    <array>
                        <string>{-64.000000,-63.000000}</string>
                        <string>{64.000000,-63.000000}</string>
                        <string>{64.000000,30.000000}</string>
                        <string>{-64.000000,30.000000}</string>
                    </array>
                    <key>oneWayCollisionVector</key>
                    <string>{0.000000,0.000000}</string>
                    <key>shapeType</key>
                    <string>1</string>
                </dict>
            </dict>
        </array>
    </dict>
</plist>
