<?xml version="1.0" encoding="UTF-8"?>
<!DOCTYPE plist PUBLIC "-//Apple//DTD PLIST 1.0//EN" "http://www.apple.com/DTDs/PropertyList-1.0.dtd"/>

<plist version="1.0">
    <dict>
        <key>ROOT</key>
        <array>
            <dict>
                <key>id</key>
                <string>1333</string>
                <key>children</key>
                <array>
                    <string>2241</string>
                </array>
            </dict>
            <dict>
                <key>id</key>
                <string>2169</string>
                <key>children</key>
                <array>
                    <string>4309</string>
                </array>
            </dict>
            <dict>
                <key>id</key>
                <string>2200</string>
                <key>children</key>
                <array>
                    <string>4679</string>
                </array>
            </dict>
        </array>
    </dict>
</plist>
