<?xml version="1.0" encoding="UTF-8"?>
<!DOCTYPE plist PUBLIC "-//Apple//DTD PLIST 1.0//EN" "http://www.apple.com/DTDs/PropertyList-1.0.dtd"/>

<plist version="1.0">
    <dict>
        <key>ROOT</key>
        <array>
            <dict>
                <key>id</key>
                <string>426</string>
            </dict>
            <dict>
                <key>id</key>
                <string>429</string>
            </dict>
            <dict>
                <key>id</key>
                <string>461</string>
            </dict>
            <dict>
                <key>id</key>
                <string>463</string>
            </dict>
            <dict>
                <key>id</key>
                <string>475</string>
            </dict>
            <dict>
                <key>id</key>
                <string>499</string>
            </dict>
            <dict>
                <key>id</key>
                <string>513</string>
            </dict>
            <dict>
                <key>id</key>
                <string>515</string>
            </dict>
            <dict>
                <key>id</key>
                <string>594</string>
            </dict>
            <dict>
                <key>id</key>
                <string>596</string>
            </dict>
            <dict>
                <key>id</key>
                <string>605</string>
            </dict>
            <dict>
                <key>id</key>
                <string>610</string>
            </dict>
            <dict>
                <key>id</key>
                <string>641</string>
            </dict>
            <dict>
                <key>id</key>
                <string>755</string>
            </dict>
            <dict>
                <key>id</key>
                <string>935</string>
            </dict>
            <dict>
                <key>id</key>
                <string>1035</string>
            </dict>
            <dict>
                <key>id</key>
                <string>1110</string>
            </dict>
            <dict>
                <key>id</key>
                <string>1113</string>
            </dict>
            <dict>
                <key>id</key>
                <string>1133</string>
            </dict>
            <dict>
                <key>id</key>
                <string>1154</string>
            </dict>
            <dict>
                <key>id</key>
                <string>1255</string>
            </dict>
            <dict>
                <key>id</key>
                <string>1258</string>
            </dict>
            <dict>
                <key>id</key>
                <string>1259</string>
            </dict>
            <dict>
                <key>id</key>
                <string>1261</string>
            </dict>
            <dict>
                <key>id</key>
                <string>1264</string>
            </dict>
            <dict>
                <key>id</key>
                <string>1289</string>
            </dict>
            <dict>
                <key>id</key>
                <string>1291</string>
            </dict>
            <dict>
                <key>id</key>
                <string>1296</string>
            </dict>
            <dict>
                <key>id</key>
                <string>1300</string>
            </dict>
            <dict>
                <key>id</key>
                <string>1306</string>
            </dict>
            <dict>
                <key>id</key>
                <string>1307</string>
            </dict>
            <dict>
                <key>id</key>
                <string>1309</string>
            </dict>
            <dict>
                <key>id</key>
                <string>1317</string>
            </dict>
            <dict>
                <key>id</key>
                <string>1416</string>
            </dict>
            <dict>
                <key>id</key>
                <string>1435</string>
            </dict>
            <dict>
                <key>id</key>
                <string>1437</string>
            </dict>
            <dict>
                <key>id</key>
                <string>1483</string>
            </dict>
            <dict>
                <key>id</key>
                <string>1485</string>
            </dict>
            <dict>
                <key>id</key>
                <string>1487</string>
            </dict>
            <dict>
                <key>id</key>
                <string>1489</string>
            </dict>
            <dict>
                <key>id</key>
                <string>1504</string>
            </dict>
            <dict>
                <key>id</key>
                <string>1505</string>
            </dict>
            <dict>
                <key>id</key>
                <string>1506</string>
            </dict>
            <dict>
                <key>id</key>
                <string>1507</string>
            </dict>
            <dict>
                <key>id</key>
                <string>1526</string>
            </dict>
            <dict>
                <key>id</key>
                <string>1527</string>
            </dict>
            <dict>
                <key>id</key>
                <string>1528</string>
            </dict>
            <dict>
                <key>id</key>
                <string>1529</string>
            </dict>
            <dict>
                <key>id</key>
                <string>1548</string>
            </dict>
            <dict>
                <key>id</key>
                <string>1549</string>
            </dict>
            <dict>
                <key>id</key>
                <string>1642</string>
            </dict>
            <dict>
                <key>id</key>
                <string>1644</string>
            </dict>
            <dict>
                <key>id</key>
                <string>1648</string>
            </dict>
            <dict>
                <key>id</key>
                <string>1650</string>
            </dict>
            <dict>
                <key>id</key>
                <string>3651</string>
            </dict>
            <dict>
                <key>id</key>
                <string>3654</string>
            </dict>
            <dict>
                <key>id</key>
                <string>3719</string>
            </dict>
            <dict>
                <key>id</key>
                <string>4926</string>
            </dict>
        </array>
    </dict>
</plist>
