<?xml version="1.0" encoding="UTF-8"?>
<!DOCTYPE plist PUBLIC "-//Apple//DTD PLIST 1.0//EN" "http://www.apple.com/DTDs/PropertyList-1.0.dtd"/>

<plist version="1.0">
    <dict>
        <key>ROOT</key>
        <array>
            <dict>
                <key>id</key>
                <string>103</string>
                <key>className</key>
                <string>PTModelLevelSection</string>
                <key>Name</key>
                <dict>
                    <key>visible</key>
                    <string>0</string>
                    <key>value</key>
                    <string>Start</string>
                </dict>
                <key>End Distance</key>
                <dict>
                    <key>value</key>
                    <string>1.000000</string>
                </dict>
                <key>Width</key>
                <dict>
                    <key>value</key>
                    <string>1136.000000</string>
                </dict>
                <key>muted</key>
                <string>0</string>
                <key>solo</key>
                <string>0</string>
                <key>initSection</key>
                <string>1</string>
                <key>parentScreenId</key>
                <string>102</string>
            </dict>
            <dict>
                <key>id</key>
                <string>2203</string>
                <key>className</key>
                <string>PTModelLevelSection</string>
                <key>Name</key>
                <dict>
                    <key>visible</key>
                    <string>0</string>
                    <key>value</key>
                    <string>Start</string>
                </dict>
                <key>End Distance</key>
                <dict>
                    <key>value</key>
                    <string>1.000000</string>
                </dict>
                <key>Width</key>
                <dict>
                    <key>value</key>
                    <string>640.000000</string>
                </dict>
                <key>muted</key>
                <string>0</string>
                <key>solo</key>
                <string>0</string>
                <key>initSection</key>
                <string>1</string>
                <key>parentScreenId</key>
                <string>2200</string>
            </dict>
            <dict>
                <key>id</key>
                <string>1334</string>
                <key>className</key>
                <string>PTModelLevelSection</string>
                <key>Name</key>
                <dict>
                    <key>visible</key>
                    <string>0</string>
                    <key>value</key>
                    <string>Start</string>
                </dict>
                <key>End Distance</key>
                <dict>
                    <key>value</key>
                    <string>1149.410645</string>
                </dict>
                <key>Width</key>
                <dict>
                    <key>value</key>
                    <string>1149.410645</string>
                </dict>
                <key>muted</key>
                <string>0</string>
                <key>solo</key>
                <string>0</string>
                <key>initSection</key>
                <string>1</string>
                <key>parentScreenId</key>
                <string>1333</string>
            </dict>
            <dict>
                <key>id</key>
                <string>2204</string>
                <key>className</key>
                <string>PTModelLevelSection</string>
                <key>Name</key>
                <dict>
                    <key>value</key>
                    <string>1</string>
                </dict>
                <key>Start Distance</key>
                <dict>
                    <key>value</key>
                    <string>1.000000</string>
                </dict>
                <key>Width</key>
                <dict>
                    <key>value</key>
                    <string>640.000000</string>
                </dict>
                <key>muted</key>
                <string>0</string>
                <key>solo</key>
                <string>0</string>
                <key>initSection</key>
                <string>0</string>
                <key>parentScreenId</key>
                <string>2200</string>
            </dict>
            <dict>
                <key>id</key>
                <string>2172</string>
                <key>className</key>
                <string>PTModelLevelSection</string>
                <key>Name</key>
                <dict>
                    <key>visible</key>
                    <string>0</string>
                    <key>value</key>
                    <string>Start</string>
                </dict>
                <key>End Distance</key>
                <dict>
                    <key>value</key>
                    <string>1.000000</string>
                </dict>
                <key>Width</key>
                <dict>
                    <key>value</key>
                    <string>1149.410645</string>
                </dict>
                <key>muted</key>
                <string>0</string>
                <key>solo</key>
                <string>0</string>
                <key>initSection</key>
                <string>1</string>
                <key>parentScreenId</key>
                <string>2169</string>
            </dict>
            <dict>
                <key>id</key>
                <string>4709</string>
                <key>className</key>
                <string>PTModelLevelSection</string>
                <key>Name</key>
                <dict>
                    <key>value</key>
                    <string>2</string>
                </dict>
                <key>Width</key>
                <dict>
                    <key>value</key>
                    <string>640.000000</string>
                </dict>
                <key>muted</key>
                <string>0</string>
                <key>solo</key>
                <string>0</string>
                <key>initSection</key>
                <string>0</string>
                <key>parentScreenId</key>
                <string>2200</string>
            </dict>
            <dict>
                <key>id</key>
                <string>1694</string>
                <key>className</key>
                <string>PTModelLevelSection</string>
                <key>Name</key>
                <dict>
                    <key>value</key>
                    <string>1</string>
                </dict>
                <key>Start Distance</key>
                <dict>
                    <key>value</key>
                    <string>1149.410645</string>
                </dict>
                <key>End Distance</key>
                <dict>
                    <key>value</key>
                    <string>2103.105957</string>
                </dict>
                <key>Width</key>
                <dict>
                    <key>value</key>
                    <string>953.695374</string>
                </dict>
                <key>muted</key>
                <string>0</string>
                <key>solo</key>
                <string>0</string>
                <key>initSection</key>
                <string>0</string>
                <key>parentScreenId</key>
                <string>1333</string>
            </dict>
            <dict>
                <key>id</key>
                <string>4718</string>
                <key>className</key>
                <string>PTModelLevelSection</string>
                <key>Name</key>
                <dict>
                    <key>value</key>
                    <string>3</string>
                </dict>
                <key>Width</key>
                <dict>
                    <key>value</key>
                    <string>640.000000</string>
                </dict>
                <key>muted</key>
                <string>0</string>
                <key>solo</key>
                <string>0</string>
                <key>initSection</key>
                <string>0</string>
                <key>parentScreenId</key>
                <string>2200</string>
            </dict>
            <dict>
                <key>id</key>
                <string>2190</string>
                <key>className</key>
                <string>PTModelLevelSection</string>
                <key>Name</key>
                <dict>
                    <key>value</key>
                    <string>1</string>
                </dict>
                <key>Start Distance</key>
                <dict>
                    <key>value</key>
                    <string>1.000000</string>
                </dict>
                <key>Width</key>
                <dict>
                    <key>value</key>
                    <string>953.695374</string>
                </dict>
                <key>muted</key>
                <string>0</string>
                <key>solo</key>
                <string>0</string>
                <key>initSection</key>
                <string>0</string>
                <key>parentScreenId</key>
                <string>2169</string>
            </dict>
            <dict>
                <key>id</key>
                <string>4725</string>
                <key>className</key>
                <string>PTModelLevelSection</string>
                <key>Name</key>
                <dict>
                    <key>value</key>
                    <string>4</string>
                </dict>
                <key>Width</key>
                <dict>
                    <key>value</key>
                    <string>640.000000</string>
                </dict>
                <key>muted</key>
                <string>0</string>
                <key>solo</key>
                <string>0</string>
                <key>initSection</key>
                <string>0</string>
                <key>parentScreenId</key>
                <string>2200</string>
            </dict>
            <dict>
                <key>id</key>
                <string>2948</string>
                <key>className</key>
                <string>PTModelLevelSection</string>
                <key>Name</key>
                <dict>
                    <key>value</key>
                    <string>2</string>
                </dict>
                <key>Start Distance</key>
                <dict>
                    <key>value</key>
                    <string>2103.105957</string>
                </dict>
                <key>End Distance</key>
                <dict>
                    <key>value</key>
                    <string>3056.801270</string>
                </dict>
                <key>Width</key>
                <dict>
                    <key>value</key>
                    <string>953.695374</string>
                </dict>
                <key>muted</key>
                <string>0</string>
                <key>solo</key>
                <string>0</string>
                <key>initSection</key>
                <string>0</string>
                <key>parentScreenId</key>
                <string>1333</string>
            </dict>
            <dict>
                <key>id</key>
                <string>4732</string>
                <key>className</key>
                <string>PTModelLevelSection</string>
                <key>Name</key>
                <dict>
                    <key>value</key>
                    <string>5</string>
                </dict>
                <key>Width</key>
                <dict>
                    <key>value</key>
                    <string>640.000000</string>
                </dict>
                <key>muted</key>
                <string>0</string>
                <key>solo</key>
                <string>0</string>
                <key>initSection</key>
                <string>0</string>
                <key>parentScreenId</key>
                <string>2200</string>
            </dict>
            <dict>
                <key>id</key>
                <string>4350</string>
                <key>className</key>
                <string>PTModelLevelSection</string>
                <key>Name</key>
                <dict>
                    <key>value</key>
                    <string>2</string>
                </dict>
                <key>Width</key>
                <dict>
                    <key>value</key>
                    <string>953.695374</string>
                </dict>
                <key>muted</key>
                <string>0</string>
                <key>solo</key>
                <string>0</string>
                <key>initSection</key>
                <string>0</string>
                <key>parentScreenId</key>
                <string>2169</string>
            </dict>
            <dict>
                <key>id</key>
                <string>2367</string>
                <key>className</key>
                <string>PTModelLevelSection</string>
                <key>Name</key>
                <dict>
                    <key>value</key>
                    <string>3</string>
                </dict>
                <key>Start Distance</key>
                <dict>
                    <key>value</key>
                    <string>3056.801270</string>
                </dict>
                <key>End Distance</key>
                <dict>
                    <key>value</key>
                    <string>4010.496582</string>
                </dict>
                <key>Width</key>
                <dict>
                    <key>value</key>
                    <string>953.695374</string>
                </dict>
                <key>muted</key>
                <string>0</string>
                <key>solo</key>
                <string>0</string>
                <key>initSection</key>
                <string>0</string>
                <key>parentScreenId</key>
                <string>1333</string>
            </dict>
            <dict>
                <key>id</key>
                <string>4351</string>
                <key>className</key>
                <string>PTModelLevelSection</string>
                <key>Name</key>
                <dict>
                    <key>value</key>
                    <string>3</string>
                </dict>
                <key>Width</key>
                <dict>
                    <key>value</key>
                    <string>953.695374</string>
                </dict>
                <key>muted</key>
                <string>0</string>
                <key>solo</key>
                <string>0</string>
                <key>initSection</key>
                <string>0</string>
                <key>parentScreenId</key>
                <string>2169</string>
            </dict>
            <dict>
                <key>id</key>
                <string>2368</string>
                <key>className</key>
                <string>PTModelLevelSection</string>
                <key>Name</key>
                <dict>
                    <key>value</key>
                    <string>4</string>
                </dict>
                <key>Start Distance</key>
                <dict>
                    <key>value</key>
                    <string>4010.496582</string>
                </dict>
                <key>End Distance</key>
                <dict>
                    <key>value</key>
                    <string>4964.191895</string>
                </dict>
                <key>Width</key>
                <dict>
                    <key>value</key>
                    <string>953.695374</string>
                </dict>
                <key>muted</key>
                <string>0</string>
                <key>solo</key>
                <string>0</string>
                <key>initSection</key>
                <string>0</string>
                <key>parentScreenId</key>
                <string>1333</string>
            </dict>
            <dict>
                <key>id</key>
                <string>4352</string>
                <key>className</key>
                <string>PTModelLevelSection</string>
                <key>Name</key>
                <dict>
                    <key>value</key>
                    <string>4</string>
                </dict>
                <key>Width</key>
                <dict>
                    <key>value</key>
                    <string>953.695374</string>
                </dict>
                <key>muted</key>
                <string>0</string>
                <key>solo</key>
                <string>0</string>
                <key>initSection</key>
                <string>0</string>
                <key>parentScreenId</key>
                <string>2169</string>
            </dict>
            <dict>
                <key>id</key>
                <string>2369</string>
                <key>className</key>
                <string>PTModelLevelSection</string>
                <key>Name</key>
                <dict>
                    <key>value</key>
                    <string>5</string>
                </dict>
                <key>Start Distance</key>
                <dict>
                    <key>value</key>
                    <string>4964.191895</string>
                </dict>
                <key>End Distance</key>
                <dict>
                    <key>value</key>
                    <string>5917.887207</string>
                </dict>
                <key>Width</key>
                <dict>
                    <key>value</key>
                    <string>953.695374</string>
                </dict>
                <key>muted</key>
                <string>0</string>
                <key>solo</key>
                <string>0</string>
                <key>initSection</key>
                <string>0</string>
                <key>parentScreenId</key>
                <string>1333</string>
            </dict>
            <dict>
                <key>id</key>
                <string>4353</string>
                <key>className</key>
                <string>PTModelLevelSection</string>
                <key>Name</key>
                <dict>
                    <key>value</key>
                    <string>5</string>
                </dict>
                <key>Width</key>
                <dict>
                    <key>value</key>
                    <string>953.695374</string>
                </dict>
                <key>muted</key>
                <string>0</string>
                <key>solo</key>
                <string>0</string>
                <key>initSection</key>
                <string>0</string>
                <key>parentScreenId</key>
                <string>2169</string>
            </dict>
            <dict>
                <key>id</key>
                <string>4354</string>
                <key>className</key>
                <string>PTModelLevelSection</string>
                <key>Name</key>
                <dict>
                    <key>value</key>
                    <string>6</string>
                </dict>
                <key>Width</key>
                <dict>
                    <key>value</key>
                    <string>953.695374</string>
                </dict>
                <key>muted</key>
                <string>0</string>
                <key>solo</key>
                <string>0</string>
                <key>initSection</key>
                <string>0</string>
                <key>parentScreenId</key>
                <string>2169</string>
            </dict>
            <dict>
                <key>id</key>
                <string>2382</string>
                <key>className</key>
                <string>PTModelLevelSection</string>
                <key>Name</key>
                <dict>
                    <key>value</key>
                    <string>6</string>
                </dict>
                <key>Start Distance</key>
                <dict>
                    <key>value</key>
                    <string>5917.887207</string>
                </dict>
                <key>End Distance</key>
                <dict>
                    <key>value</key>
                    <string>6871.582520</string>
                </dict>
                <key>Width</key>
                <dict>
                    <key>value</key>
                    <string>953.695374</string>
                </dict>
                <key>muted</key>
                <string>0</string>
                <key>solo</key>
                <string>0</string>
                <key>initSection</key>
                <string>0</string>
                <key>parentScreenId</key>
                <string>1333</string>
            </dict>
            <dict>
                <key>id</key>
                <string>4355</string>
                <key>className</key>
                <string>PTModelLevelSection</string>
                <key>Name</key>
                <dict>
                    <key>value</key>
                    <string>7</string>
                </dict>
                <key>Width</key>
                <dict>
                    <key>value</key>
                    <string>953.695374</string>
                </dict>
                <key>muted</key>
                <string>0</string>
                <key>solo</key>
                <string>0</string>
                <key>initSection</key>
                <string>0</string>
                <key>parentScreenId</key>
                <string>2169</string>
            </dict>
            <dict>
                <key>id</key>
                <string>2465</string>
                <key>className</key>
                <string>PTModelLevelSection</string>
                <key>Name</key>
                <dict>
                    <key>value</key>
                    <string>7</string>
                </dict>
                <key>Start Distance</key>
                <dict>
                    <key>value</key>
                    <string>6871.582520</string>
                </dict>
                <key>End Distance</key>
                <dict>
                    <key>value</key>
                    <string>7825.277832</string>
                </dict>
                <key>Width</key>
                <dict>
                    <key>value</key>
                    <string>953.695374</string>
                </dict>
                <key>muted</key>
                <string>0</string>
                <key>solo</key>
                <string>0</string>
                <key>initSection</key>
                <string>0</string>
                <key>parentScreenId</key>
                <string>1333</string>
            </dict>
            <dict>
                <key>id</key>
                <string>4356</string>
                <key>className</key>
                <string>PTModelLevelSection</string>
                <key>Name</key>
                <dict>
                    <key>value</key>
                    <string>8</string>
                </dict>
                <key>Width</key>
                <dict>
                    <key>value</key>
                    <string>953.695374</string>
                </dict>
                <key>muted</key>
                <string>0</string>
                <key>solo</key>
                <string>0</string>
                <key>initSection</key>
                <string>0</string>
                <key>parentScreenId</key>
                <string>2169</string>
            </dict>
            <dict>
                <key>id</key>
                <string>2466</string>
                <key>className</key>
                <string>PTModelLevelSection</string>
                <key>Name</key>
                <dict>
                    <key>value</key>
                    <string>8</string>
                </dict>
                <key>Start Distance</key>
                <dict>
                    <key>value</key>
                    <string>7825.277832</string>
                </dict>
                <key>End Distance</key>
                <dict>
                    <key>value</key>
                    <string>8778.973633</string>
                </dict>
                <key>Width</key>
                <dict>
                    <key>value</key>
                    <string>953.695374</string>
                </dict>
                <key>muted</key>
                <string>0</string>
                <key>solo</key>
                <string>0</string>
                <key>initSection</key>
                <string>0</string>
                <key>parentScreenId</key>
                <string>1333</string>
            </dict>
            <dict>
                <key>id</key>
                <string>4357</string>
                <key>className</key>
                <string>PTModelLevelSection</string>
                <key>Name</key>
                <dict>
                    <key>value</key>
                    <string>9</string>
                </dict>
                <key>Width</key>
                <dict>
                    <key>value</key>
                    <string>953.695374</string>
                </dict>
                <key>muted</key>
                <string>0</string>
                <key>solo</key>
                <string>0</string>
                <key>initSection</key>
                <string>0</string>
                <key>parentScreenId</key>
                <string>2169</string>
            </dict>
            <dict>
                <key>id</key>
                <string>2467</string>
                <key>className</key>
                <string>PTModelLevelSection</string>
                <key>Name</key>
                <dict>
                    <key>value</key>
                    <string>9</string>
                </dict>
                <key>Start Distance</key>
                <dict>
                    <key>value</key>
                    <string>8778.973633</string>
                </dict>
                <key>End Distance</key>
                <dict>
                    <key>value</key>
                    <string>9732.668945</string>
                </dict>
                <key>Width</key>
                <dict>
                    <key>value</key>
                    <string>953.695374</string>
                </dict>
                <key>muted</key>
                <string>0</string>
                <key>solo</key>
                <string>0</string>
                <key>initSection</key>
                <string>0</string>
                <key>parentScreenId</key>
                <string>1333</string>
            </dict>
            <dict>
                <key>id</key>
                <string>4358</string>
                <key>className</key>
                <string>PTModelLevelSection</string>
                <key>Name</key>
                <dict>
                    <key>value</key>
                    <string>10</string>
                </dict>
                <key>Width</key>
                <dict>
                    <key>value</key>
                    <string>953.695374</string>
                </dict>
                <key>muted</key>
                <string>0</string>
                <key>solo</key>
                <string>0</string>
                <key>initSection</key>
                <string>0</string>
                <key>parentScreenId</key>
                <string>2169</string>
            </dict>
            <dict>
                <key>id</key>
                <string>2468</string>
                <key>className</key>
                <string>PTModelLevelSection</string>
                <key>Name</key>
                <dict>
                    <key>value</key>
                    <string>10</string>
                </dict>
                <key>Start Distance</key>
                <dict>
                    <key>value</key>
                    <string>9732.668945</string>
                </dict>
                <key>End Distance</key>
                <dict>
                    <key>value</key>
                    <string>10686.364258</string>
                </dict>
                <key>Width</key>
                <dict>
                    <key>value</key>
                    <string>953.695374</string>
                </dict>
                <key>muted</key>
                <string>0</string>
                <key>solo</key>
                <string>0</string>
                <key>initSection</key>
                <string>0</string>
                <key>parentScreenId</key>
                <string>1333</string>
            </dict>
            <dict>
                <key>id</key>
                <string>1250</string>
                <key>className</key>
                <string>PTModelLevelSection</string>
                <key>Name</key>
                <dict>
                    <key>visible</key>
                    <string>0</string>
                    <key>value</key>
                    <string>Start</string>
                </dict>
                <key>End Distance</key>
                <dict>
                    <key>value</key>
                    <string>1.000000</string>
                </dict>
                <key>Width</key>
                <dict>
                    <key>value</key>
                    <string>1136.000000</string>
                </dict>
                <key>muted</key>
                <string>0</string>
                <key>solo</key>
                <string>0</string>
                <key>initSection</key>
                <string>1</string>
                <key>parentScreenId</key>
                <string>1249</string>
            </dict>
            <dict>
                <key>id</key>
                <string>2469</string>
                <key>className</key>
                <string>PTModelLevelSection</string>
                <key>Name</key>
                <dict>
                    <key>value</key>
                    <string>11</string>
                </dict>
                <key>Start Distance</key>
                <dict>
                    <key>value</key>
                    <string>10686.364258</string>
                </dict>
                <key>End Distance</key>
                <dict>
                    <key>value</key>
                    <string>11640.059570</string>
                </dict>
                <key>Width</key>
                <dict>
                    <key>value</key>
                    <string>953.695374</string>
                </dict>
                <key>muted</key>
                <string>0</string>
                <key>solo</key>
                <string>0</string>
                <key>initSection</key>
                <string>0</string>
                <key>parentScreenId</key>
                <string>1333</string>
            </dict>
            <dict>
                <key>id</key>
                <string>2535</string>
                <key>className</key>
                <string>PTModelLevelSection</string>
                <key>Name</key>
                <dict>
                    <key>value</key>
                    <string>12</string>
                </dict>
                <key>Start Distance</key>
                <dict>
                    <key>value</key>
                    <string>11640.059570</string>
                </dict>
                <key>End Distance</key>
                <dict>
                    <key>value</key>
                    <string>12593.754883</string>
                </dict>
                <key>Width</key>
                <dict>
                    <key>value</key>
                    <string>953.695374</string>
                </dict>
                <key>muted</key>
                <string>0</string>
                <key>solo</key>
                <string>0</string>
                <key>initSection</key>
                <string>0</string>
                <key>parentScreenId</key>
                <string>1333</string>
            </dict>
            <dict>
                <key>id</key>
                <string>2545</string>
                <key>className</key>
                <string>PTModelLevelSection</string>
                <key>Name</key>
                <dict>
                    <key>value</key>
                    <string>13</string>
                </dict>
                <key>Start Distance</key>
                <dict>
                    <key>value</key>
                    <string>12593.754883</string>
                </dict>
                <key>End Distance</key>
                <dict>
                    <key>value</key>
                    <string>13547.450195</string>
                </dict>
                <key>Width</key>
                <dict>
                    <key>value</key>
                    <string>953.695374</string>
                </dict>
                <key>muted</key>
                <string>0</string>
                <key>solo</key>
                <string>0</string>
                <key>initSection</key>
                <string>0</string>
                <key>parentScreenId</key>
                <string>1333</string>
            </dict>
            <dict>
                <key>id</key>
                <string>2562</string>
                <key>className</key>
                <string>PTModelLevelSection</string>
                <key>Name</key>
                <dict>
                    <key>value</key>
                    <string>14</string>
                </dict>
                <key>Start Distance</key>
                <dict>
                    <key>value</key>
                    <string>13547.450195</string>
                </dict>
                <key>End Distance</key>
                <dict>
                    <key>value</key>
                    <string>14501.145508</string>
                </dict>
                <key>Width</key>
                <dict>
                    <key>value</key>
                    <string>953.695374</string>
                </dict>
                <key>muted</key>
                <string>0</string>
                <key>solo</key>
                <string>0</string>
                <key>initSection</key>
                <string>0</string>
                <key>parentScreenId</key>
                <string>1333</string>
            </dict>
            <dict>
                <key>id</key>
                <string>104</string>
                <key>className</key>
                <string>PTModelLevelSection</string>
                <key>Name</key>
                <dict>
                    <key>value</key>
                    <string>1</string>
                </dict>
                <key>Start Distance</key>
                <dict>
                    <key>value</key>
                    <string>1.000000</string>
                </dict>
                <key>Width</key>
                <dict>
                    <key>value</key>
                    <string>3001.879883</string>
                </dict>
                <key>muted</key>
                <string>0</string>
                <key>solo</key>
                <string>0</string>
                <key>initSection</key>
                <string>0</string>
                <key>parentScreenId</key>
                <string>102</string>
            </dict>
            <dict>
                <key>id</key>
                <string>2575</string>
                <key>className</key>
                <string>PTModelLevelSection</string>
                <key>Name</key>
                <dict>
                    <key>value</key>
                    <string>15</string>
                </dict>
                <key>Start Distance</key>
                <dict>
                    <key>value</key>
                    <string>14501.145508</string>
                </dict>
                <key>End Distance</key>
                <dict>
                    <key>value</key>
                    <string>15454.840820</string>
                </dict>
                <key>Width</key>
                <dict>
                    <key>value</key>
                    <string>953.695374</string>
                </dict>
                <key>muted</key>
                <string>0</string>
                <key>solo</key>
                <string>0</string>
                <key>initSection</key>
                <string>0</string>
                <key>parentScreenId</key>
                <string>1333</string>
            </dict>
            <dict>
                <key>id</key>
                <string>2587</string>
                <key>className</key>
                <string>PTModelLevelSection</string>
                <key>Name</key>
                <dict>
                    <key>value</key>
                    <string>16</string>
                </dict>
                <key>Start Distance</key>
                <dict>
                    <key>value</key>
                    <string>15454.840820</string>
                </dict>
                <key>End Distance</key>
                <dict>
                    <key>value</key>
                    <string>16408.537109</string>
                </dict>
                <key>Width</key>
                <dict>
                    <key>value</key>
                    <string>953.695374</string>
                </dict>
                <key>muted</key>
                <string>0</string>
                <key>solo</key>
                <string>0</string>
                <key>initSection</key>
                <string>0</string>
                <key>parentScreenId</key>
                <string>1333</string>
            </dict>
            <dict>
                <key>id</key>
                <string>2597</string>
                <key>className</key>
                <string>PTModelLevelSection</string>
                <key>Name</key>
                <dict>
                    <key>value</key>
                    <string>17</string>
                </dict>
                <key>Start Distance</key>
                <dict>
                    <key>value</key>
                    <string>16408.537109</string>
                </dict>
                <key>End Distance</key>
                <dict>
                    <key>value</key>
                    <string>17362.232422</string>
                </dict>
                <key>Width</key>
                <dict>
                    <key>value</key>
                    <string>953.695374</string>
                </dict>
                <key>muted</key>
                <string>0</string>
                <key>solo</key>
                <string>0</string>
                <key>initSection</key>
                <string>0</string>
                <key>parentScreenId</key>
                <string>1333</string>
            </dict>
            <dict>
                <key>id</key>
                <string>938</string>
                <key>className</key>
                <string>PTModelLevelSection</string>
                <key>Name</key>
                <dict>
                    <key>visible</key>
                    <string>0</string>
                    <key>value</key>
                    <string>Start</string>
                </dict>
                <key>End Distance</key>
                <dict>
                    <key>value</key>
                    <string>1.000000</string>
                </dict>
                <key>Width</key>
                <dict>
                    <key>value</key>
                    <string>1136.000000</string>
                </dict>
                <key>muted</key>
                <string>0</string>
                <key>solo</key>
                <string>0</string>
                <key>initSection</key>
                <string>1</string>
                <key>parentScreenId</key>
                <string>937</string>
            </dict>
            <dict>
                <key>id</key>
                <string>2624</string>
                <key>className</key>
                <string>PTModelLevelSection</string>
                <key>Name</key>
                <dict>
                    <key>value</key>
                    <string>18</string>
                </dict>
                <key>Start Distance</key>
                <dict>
                    <key>value</key>
                    <string>17362.232422</string>
                </dict>
                <key>End Distance</key>
                <dict>
                    <key>value</key>
                    <string>18315.927734</string>
                </dict>
                <key>Width</key>
                <dict>
                    <key>value</key>
                    <string>953.695374</string>
                </dict>
                <key>muted</key>
                <string>0</string>
                <key>solo</key>
                <string>0</string>
                <key>initSection</key>
                <string>0</string>
                <key>parentScreenId</key>
                <string>1333</string>
            </dict>
            <dict>
                <key>id</key>
                <string>2647</string>
                <key>className</key>
                <string>PTModelLevelSection</string>
                <key>Name</key>
                <dict>
                    <key>value</key>
                    <string>19</string>
                </dict>
                <key>Start Distance</key>
                <dict>
                    <key>value</key>
                    <string>18315.927734</string>
                </dict>
                <key>End Distance</key>
                <dict>
                    <key>value</key>
                    <string>19269.623047</string>
                </dict>
                <key>Width</key>
                <dict>
                    <key>value</key>
                    <string>953.695374</string>
                </dict>
                <key>muted</key>
                <string>0</string>
                <key>solo</key>
                <string>0</string>
                <key>initSection</key>
                <string>0</string>
                <key>parentScreenId</key>
                <string>1333</string>
            </dict>
            <dict>
                <key>id</key>
                <string>2668</string>
                <key>className</key>
                <string>PTModelLevelSection</string>
                <key>Name</key>
                <dict>
                    <key>value</key>
                    <string>20</string>
                </dict>
                <key>Start Distance</key>
                <dict>
                    <key>value</key>
                    <string>19269.623047</string>
                </dict>
                <key>End Distance</key>
                <dict>
                    <key>value</key>
                    <string>20223.318359</string>
                </dict>
                <key>Width</key>
                <dict>
                    <key>value</key>
                    <string>953.695374</string>
                </dict>
                <key>muted</key>
                <string>0</string>
                <key>solo</key>
                <string>0</string>
                <key>initSection</key>
                <string>0</string>
                <key>parentScreenId</key>
                <string>1333</string>
            </dict>
            <dict>
                <key>id</key>
                <string>939</string>
                <key>className</key>
                <string>PTModelLevelSection</string>
                <key>Name</key>
                <dict>
                    <key>value</key>
                    <string>1</string>
                </dict>
                <key>Start Distance</key>
                <dict>
                    <key>value</key>
                    <string>1.000000</string>
                </dict>
                <key>Width</key>
                <dict>
                    <key>value</key>
                    <string>1808.250488</string>
                </dict>
                <key>muted</key>
                <string>0</string>
                <key>solo</key>
                <string>0</string>
                <key>initSection</key>
                <string>0</string>
                <key>parentScreenId</key>
                <string>937</string>
            </dict>
        </array>
    </dict>
</plist>
