<?xml version="1.0" encoding="UTF-8"?>
<!DOCTYPE plist PUBLIC "-//Apple//DTD PLIST 1.0//EN" "http://www.apple.com/DTDs/PropertyList-1.0.dtd"/>

<plist version="1.0">
    <dict>
        <key>ROOT</key>
        <array>
            <dict>
                <key>id</key>
                <string>1362</string>
            </dict>
            <dict>
                <key>id</key>
                <string>2111</string>
                <key>Image</key>
                <dict>
                    <key>value</key>
                    <string>2109</string>
                </dict>
            </dict>
            <dict>
                <key>id</key>
                <string>2117</string>
            </dict>
            <dict>
                <key>id</key>
                <string>2126</string>
                <key>Image</key>
                <dict>
                    <key>value</key>
                    <string>3742</string>
                </dict>
            </dict>
            <dict>
                <key>id</key>
                <string>2135</string>
                <key>Image</key>
                <dict>
                    <key>value</key>
                    <string>3748</string>
                </dict>
            </dict>
            <dict>
                <key>id</key>
                <string>2139</string>
            </dict>
            <dict>
                <key>id</key>
                <string>2142</string>
                <key>Image</key>
                <dict>
                    <key>value</key>
                    <string>3754</string>
                </dict>
            </dict>
            <dict>
                <key>id</key>
                <string>2151</string>
                <key>Image</key>
                <dict>
                    <key>value</key>
                    <string>2149</string>
                </dict>
            </dict>
            <dict>
                <key>id</key>
                <string>2154</string>
            </dict>
            <dict>
                <key>id</key>
                <string>2164</string>
                <key>Image</key>
                <dict>
                    <key>value</key>
                    <string>2162</string>
                </dict>
            </dict>
            <dict>
                <key>id</key>
                <string>2165</string>
                <key>Image</key>
                <dict>
                    <key>value</key>
                    <string>4914</string>
                </dict>
            </dict>
            <dict>
                <key>id</key>
                <string>2198</string>
            </dict>
            <dict>
                <key>id</key>
                <string>2210</string>
            </dict>
            <dict>
                <key>id</key>
                <string>2130</string>
                <key>Image</key>
                <dict>
                    <key>value</key>
                    <string>4929</string>
                </dict>
            </dict>
        </array>
    </dict>
</plist>
