<?xml version="1.0" encoding="UTF-8"?>
<!DOCTYPE plist PUBLIC "-//Apple//DTD PLIST 1.0//EN" "http://www.apple.com/DTDs/PropertyList-1.0.dtd"/>

<plist version="1.0">
    <dict>
        <key>ROOT</key>
        <array>
            <dict>
                <key>id</key>
                <string>1333</string>
                <key>className</key>
                <string>PTModelScreenScene</string>
                <key>Name</key>
                <dict>
                    <key>visible</key>
                    <string>0</string>
                    <key>value</key>
                    <string>Untitled</string>
                </dict>
                <key>Ad Interstitial</key>
                <dict>
                    <key>selectedStringValue</key>
                    <string>kNoAds</string>
                </dict>
                <key>Ad Banner</key>
                <dict>
                    <key>selectedStringValue</key>
                    <string>kNoAds</string>
                </dict>
                <key>Background Scene</key>
                <dict>
                    <key>visible</key>
                    <string>0</string>
                    <key>selectedStringValue</key>
                    <string>kNoBackground</string>
                </dict>
                <key>Gravity</key>
                <dict>
                    <key>value</key>
                    <string>{0.000,-50.000}</string>
                </dict>
                <key>Game Speed Min</key>
                <dict>
                    <key>value</key>
                    <string>1.000000</string>
                </dict>
                <key>Game Speed Max</key>
                <dict>
                    <key>value</key>
                    <string>1.000000</string>
                </dict>
                <key>Friction</key>
                <dict>
                    <key>value</key>
                    <string>1.200000</string>
                </dict>
                <key>Bounce</key>
                <dict>
                    <key>value</key>
                    <string>0.210000</string>
                </dict>
                <key>Score Multiplier</key>
                <dict>
                    <key>value</key>
                    <string>0.000000</string>
                </dict>
                <key>Game Direction</key>
                <dict>
                    <key>value</key>
                    <string>90.000000</string>
                </dict>
                <key>Back Deletion Threshold</key>
                <dict>
                    <key>value</key>
                    <string>1000.000000</string>
                </dict>
                <key>Sides Deletion Threshold</key>
                <dict>
                    <key>value</key>
                    <string>700.000000</string>
                </dict>
                <key>key</key>
                <string>PTPScreenScene 1</string>
                <key>openFrames</key>
                <string>40</string>
                <key>idleFrames</key>
                <string>40</string>
                <key>closeFrames</key>
                <string>0</string>
                <key>objectFrameEdgeState_0</key>
                <string>1</string>
                <key>objectFrameEdgeState_1</key>
                <string>1</string>
                <key>objectFrameEdgeState_2</key>
                <string>2</string>
                <key>objectFrameEdgeState_3</key>
                <string>1</string>
                <key>objectFrameRect</key>
                <string>{{0.0177,-0.0009},{0.9743,1.0027}}</string>
            </dict>
            <dict>
                <key>id</key>
                <string>2169</string>
                <key>className</key>
                <string>PTModelScreenScene</string>
                <key>Name</key>
                <dict>
                    <key>visible</key>
                    <string>0</string>
                    <key>value</key>
                    <string>Untitled</string>
                </dict>
                <key>Ad Interstitial</key>
                <dict>
                    <key>selectedStringValue</key>
                    <string>kNoAds</string>
                </dict>
                <key>Ad Banner</key>
                <dict>
                    <key>selectedStringValue</key>
                    <string>kNoAds</string>
                </dict>
                <key>Background Scene</key>
                <dict>
                    <key>visible</key>
                    <string>0</string>
                    <key>selectedStringValue</key>
                    <string>kNoBackground</string>
                </dict>
                <key>Gravity</key>
                <dict>
                    <key>value</key>
                    <string>{0.000,-50.000}</string>
                </dict>
                <key>Game Speed Min</key>
                <dict>
                    <key>value</key>
                    <string>1.000000</string>
                </dict>
                <key>Game Speed Max</key>
                <dict>
                    <key>value</key>
                    <string>1.000000</string>
                </dict>
                <key>Friction</key>
                <dict>
                    <key>value</key>
                    <string>1.200000</string>
                </dict>
                <key>Bounce</key>
                <dict>
                    <key>value</key>
                    <string>0.210000</string>
                </dict>
                <key>Score Multiplier</key>
                <dict>
                    <key>value</key>
                    <string>0.000000</string>
                </dict>
                <key>Game Direction</key>
                <dict>
                    <key>value</key>
                    <string>90.000000</string>
                </dict>
                <key>Back Deletion Threshold</key>
                <dict>
                    <key>value</key>
                    <string>1000.000000</string>
                </dict>
                <key>Sides Deletion Threshold</key>
                <dict>
                    <key>value</key>
                    <string>700.000000</string>
                </dict>
                <key>key</key>
                <string>PTPScreenScene 2</string>
                <key>openFrames</key>
                <string>40</string>
                <key>idleFrames</key>
                <string>40</string>
                <key>closeFrames</key>
                <string>0</string>
                <key>objectFrameEdgeState_0</key>
                <string>1</string>
                <key>objectFrameEdgeState_1</key>
                <string>1</string>
                <key>objectFrameEdgeState_2</key>
                <string>2</string>
                <key>objectFrameEdgeState_3</key>
                <string>1</string>
                <key>objectFrameRect</key>
                <string>{{-0.0032,-0.0009},{1.0032,0.9982}}</string>
            </dict>
            <dict>
                <key>id</key>
                <string>2200</string>
                <key>className</key>
                <string>PTModelScreenScene</string>
                <key>Name</key>
                <dict>
                    <key>visible</key>
                    <string>0</string>
                    <key>value</key>
                    <string>Untitled</string>
                </dict>
                <key>Ad Interstitial</key>
                <dict>
                    <key>selectedStringValue</key>
                    <string>kNoAds</string>
                </dict>
                <key>Ad Banner</key>
                <dict>
                    <key>selectedStringValue</key>
                    <string>kNoAds</string>
                </dict>
                <key>Background Scene</key>
                <dict>
                    <key>visible</key>
                    <string>0</string>
                    <key>selectedStringValue</key>
                    <string>kNoBackground</string>
                </dict>
                <key>Gravity</key>
                <dict>
                    <key>value</key>
                    <string>{0.000,-50.000}</string>
                </dict>
                <key>key</key>
                <string>PTPScreenScene 3</string>
                <key>openFrames</key>
                <string>40</string>
                <key>idleFrames</key>
                <string>40</string>
                <key>closeFrames</key>
                <string>0</string>
                <key>objectFrameEdgeState_0</key>
                <string>0</string>
                <key>objectFrameEdgeState_1</key>
                <string>0</string>
                <key>objectFrameEdgeState_2</key>
                <string>0</string>
                <key>objectFrameEdgeState_3</key>
                <string>0</string>
                <key>objectFrameRect</key>
                <string>{{0.0000,0.0000},{1.0000,1.0000}}</string>
            </dict>
        </array>
    </dict>
</plist>
