<?xml version="1.0" encoding="UTF-8"?>
<!DOCTYPE plist PUBLIC "-//Apple//DTD PLIST 1.0//EN" "http://www.apple.com/DTDs/PropertyList-1.0.dtd"/>

<plist version="1.0">
    <dict>
        <key>ROOT</key>
        <array>
            <dict>
                <key>id</key>
                <string>99</string>
                <key>className</key>
                <string>PTNodeUI</string>
                <key>Name</key>
                <dict>
                    <key>value</key>
                    <string>Game Field UI</string>
                </dict>
                <key>Position</key>
                <dict>
                    <key>value</key>
                    <string>{705.000,-101.000}</string>
                </dict>
            </dict>
            <dict>
                <key>id</key>
                <string>2112</string>
                <key>className</key>
                <string>PTNodeUI</string>
                <key>Name</key>
                <dict>
                    <key>value</key>
                    <string>World 1 Complete UI</string>
                </dict>
                <key>Position</key>
                <dict>
                    <key>value</key>
                    <string>{400.000,-100.000}</string>
                </dict>
            </dict>
            <dict>
                <key>id</key>
                <string>2120</string>
                <key>className</key>
                <string>PTNodeUI</string>
                <key>Name</key>
                <dict>
                    <key>value</key>
                    <string>Main Menu UI</string>
                </dict>
                <key>Position</key>
                <dict>
                    <key>value</key>
                    <string>{-200.000,-100.000}</string>
                </dict>
            </dict>
            <dict>
                <key>id</key>
                <string>2127</string>
                <key>className</key>
                <string>PTNodeUI</string>
                <key>Name</key>
                <dict>
                    <key>value</key>
                    <string>Info</string>
                </dict>
                <key>Position</key>
                <dict>
                    <key>value</key>
                    <string>{100.000,-210.000}</string>
                </dict>
            </dict>
            <dict>
                <key>id</key>
                <string>2136</string>
                <key>className</key>
                <string>PTNodeUI</string>
                <key>Name</key>
                <dict>
                    <key>value</key>
                    <string>Coin Shop</string>
                </dict>
                <key>Position</key>
                <dict>
                    <key>value</key>
                    <string>{100.000,-320.000}</string>
                </dict>
            </dict>
            <dict>
                <key>id</key>
                <string>2143</string>
                <key>className</key>
                <string>PTNodeUI</string>
                <key>Name</key>
                <dict>
                    <key>value</key>
                    <string>Pause</string>
                </dict>
                <key>Position</key>
                <dict>
                    <key>value</key>
                    <string>{920.000,-210.000}</string>
                </dict>
            </dict>
            <dict>
                <key>id</key>
                <string>2155</string>
                <key>className</key>
                <string>PTNodeUI</string>
                <key>Name</key>
                <dict>
                    <key>value</key>
                    <string>Game Over UI</string>
                </dict>
                <key>Position</key>
                <dict>
                    <key>value</key>
                    <string>{920.000,-100.000}</string>
                </dict>
            </dict>
            <dict>
                <key>id</key>
                <string>2195</string>
                <key>className</key>
                <string>PTNodeUI</string>
                <key>Name</key>
                <dict>
                    <key>value</key>
                    <string>World 2 Complete UI</string>
                </dict>
                <key>Position</key>
                <dict>
                    <key>value</key>
                    <string>{400.000,10.000}</string>
                </dict>
            </dict>
            <dict>
                <key>id</key>
                <string>2201</string>
                <key>className</key>
                <string>PTNodeUI</string>
                <key>Name</key>
                <dict>
                    <key>value</key>
                    <string>End Scene UI</string>
                </dict>
                <key>Position</key>
                <dict>
                    <key>value</key>
                    <string>{700.000,121.000}</string>
                </dict>
            </dict>
            <dict>
                <key>id</key>
                <string>2207</string>
                <key>className</key>
                <string>PTNodeUI</string>
                <key>Name</key>
                <dict>
                    <key>value</key>
                    <string>End Scene Complete UI</string>
                </dict>
                <key>Position</key>
                <dict>
                    <key>value</key>
                    <string>{400.000,120.000}</string>
                </dict>
            </dict>
        </array>
    </dict>
</plist>
