<?xml version="1.0" encoding="UTF-8"?>
<!DOCTYPE plist PUBLIC "-//Apple//DTD PLIST 1.0//EN" "http://www.apple.com/DTDs/PropertyList-1.0.dtd"/>

<plist version="1.0">
    <dict>
        <key>ROOT</key>
        <array>
            <dict>
                <key>id</key>
                <string>1332</string>
                <key>className</key>
                <string>PTNodeScene</string>
                <key>Name</key>
                <dict>
                    <key>value</key>
                    <string>World 1</string>
                </dict>
                <key>Position</key>
                <dict>
                    <key>value</key>
                    <string>{101.000,-101.000}</string>
                </dict>
            </dict>
            <dict>
                <key>id</key>
                <string>2168</string>
                <key>className</key>
                <string>PTNodeScene</string>
                <key>Name</key>
                <dict>
                    <key>value</key>
                    <string>World 2</string>
                </dict>
                <key>Position</key>
                <dict>
                    <key>value</key>
                    <string>{90.000,-1.000}</string>
                </dict>
            </dict>
            <dict>
                <key>id</key>
                <string>2199</string>
                <key>className</key>
                <string>PTNodeScene</string>
                <key>Name</key>
                <dict>
                    <key>value</key>
                    <string>End scene</string>
                </dict>
                <key>Position</key>
                <dict>
                    <key>value</key>
                    <string>{99.000,120.000}</string>
                </dict>
            </dict>
        </array>
    </dict>
</plist>
