<?xml version="1.0" encoding="UTF-8"?>
<!DOCTYPE plist PUBLIC "-//Apple//DTD PLIST 1.0//EN" "http://www.apple.com/DTDs/PropertyList-1.0.dtd"/>

<plist version="1.0">
    <dict>
        <key>ROOT</key>
        <array>
            <dict>
                <key>id</key>
                <string>99</string>
                <key>Pause</key>
                <dict>
                    <key>connectedModelId</key>
                    <string>2143</string>
                    <key>attributeName</key>
                    <string>Load</string>
                    <key>isAction</key>
                    <string>true</string>
                </dict>
                <key>Game Over</key>
                <dict>
                    <key>connectedModelId</key>
                    <string>2155</string>
                    <key>attributeName</key>
                    <string>Load</string>
                    <key>isAction</key>
                    <string>true</string>
                </dict>
                <key>modelId</key>
                <string>100</string>
                <key>attributesCount</key>
                <string>5</string>
            </dict>
            <dict>
                <key>id</key>
                <string>2112</string>
                <key>Start</key>
                <dict>
                    <key>connectedModelId</key>
                    <string>2168</string>
                    <key>attributeName</key>
                    <string>Load</string>
                    <key>isAction</key>
                    <string>true</string>
                </dict>
                <key>modelId</key>
                <string>2113</string>
                <key>attributesCount</key>
                <string>4</string>
            </dict>
            <dict>
                <key>id</key>
                <string>2120</string>
                <key>Start</key>
                <dict>
                    <key>connectedModelId</key>
                    <string>1332</string>
                    <key>attributeName</key>
                    <string>Load</string>
                    <key>isAction</key>
                    <string>true</string>
                </dict>
                <key>Info Screen</key>
                <dict>
                    <key>connectedModelId</key>
                    <string>2127</string>
                    <key>attributeName</key>
                    <string>Load</string>
                    <key>isAction</key>
                    <string>true</string>
                </dict>
                <key>Coin Shop</key>
                <dict>
                    <key>connectedModelId</key>
                    <string>2136</string>
                    <key>attributeName</key>
                    <string>Load</string>
                    <key>isAction</key>
                    <string>true</string>
                </dict>
                <key>modelId</key>
                <string>2121</string>
                <key>attributesCount</key>
                <string>6</string>
            </dict>
            <dict>
                <key>id</key>
                <string>2127</string>
                <key>modelId</key>
                <string>2128</string>
                <key>attributesCount</key>
                <string>3</string>
            </dict>
            <dict>
                <key>id</key>
                <string>2136</string>
                <key>modelId</key>
                <string>2137</string>
                <key>attributesCount</key>
                <string>3</string>
            </dict>
            <dict>
                <key>id</key>
                <string>2143</string>
                <key>modelId</key>
                <string>2144</string>
                <key>attributesCount</key>
                <string>3</string>
            </dict>
            <dict>
                <key>id</key>
                <string>2155</string>
                <key>modelId</key>
                <string>2156</string>
                <key>attributesCount</key>
                <string>3</string>
            </dict>
            <dict>
                <key>id</key>
                <string>2195</string>
                <key>Start</key>
                <dict>
                    <key>connectedModelId</key>
                    <string>2199</string>
                    <key>attributeName</key>
                    <string>Load</string>
                    <key>isAction</key>
                    <string>true</string>
                </dict>
                <key>modelId</key>
                <string>2196</string>
                <key>attributesCount</key>
                <string>4</string>
            </dict>
            <dict>
                <key>id</key>
                <string>2201</string>
                <key>modelId</key>
                <string>2202</string>
                <key>attributesCount</key>
                <string>3</string>
            </dict>
            <dict>
                <key>id</key>
                <string>2207</string>
                <key>Start</key>
                <dict>
                    <key>connectedModelId</key>
                    <string>2201</string>
                    <key>attributeName</key>
                    <string>Load</string>
                    <key>isAction</key>
                    <string>true</string>
                </dict>
                <key>modelId</key>
                <string>2208</string>
                <key>attributesCount</key>
                <string>4</string>
            </dict>
        </array>
    </dict>
</plist>
