<?xml version="1.0" encoding="UTF-8"?>
<!DOCTYPE plist PUBLIC "-//Apple//DTD PLIST 1.0//EN" "http://www.apple.com/DTDs/PropertyList-1.0.dtd"/>

<plist version="1.0">
    <dict>
        <key>ROOT</key>
        <array>
            <dict>
                <key>id</key>
                <string>1332</string>
                <key>UI</key>
                <dict>
                    <key>connectedModelId</key>
                    <string>99</string>
                    <key>attributeName</key>
                    <string>Load</string>
                    <key>isAction</key>
                    <string>true</string>
                </dict>
                <key>Menu Jump</key>
                <dict>
                    <key>connectedModelId</key>
                    <string>2168</string>
                    <key>attributeName</key>
                    <string>Load</string>
                    <key>isAction</key>
                    <string>true</string>
                </dict>
                <key>modelId</key>
                <string>1333</string>
                <key>attributesCount</key>
                <string>5</string>
            </dict>
            <dict>
                <key>id</key>
                <string>2168</string>
                <key>UI</key>
                <dict>
                    <key>connectedModelId</key>
                    <string>99</string>
                    <key>attributeName</key>
                    <string>Load</string>
                    <key>isAction</key>
                    <string>true</string>
                </dict>
                <key>Menu Jump</key>
                <dict>
                    <key>connectedModelId</key>
                    <string>2199</string>
                    <key>attributeName</key>
                    <string>Load</string>
                    <key>isAction</key>
                    <string>true</string>
                </dict>
                <key>modelId</key>
                <string>2169</string>
                <key>attributesCount</key>
                <string>5</string>
            </dict>
            <dict>
                <key>id</key>
                <string>2199</string>
                <key>UI</key>
                <dict>
                    <key>connectedModelId</key>
                    <string>99</string>
                    <key>attributeName</key>
                    <string>Load</string>
                    <key>isAction</key>
                    <string>true</string>
                </dict>
                <key>modelId</key>
                <string>2200</string>
                <key>attributesCount</key>
                <string>4</string>
            </dict>
        </array>
    </dict>
</plist>
